caldt,close,ret
2-Apr-21,"2,841.89",0.0006
1-Apr-21,"2,840.19",0.0101
31-Mar-21,"2,811.70",0.0024
30-Mar-21,"2,805.10",-0.0023
29-Mar-21,"2,811.53",-0.0012
26-Mar-21,"2,814.86",0.0143
25-Mar-21,"2,775.05",0.0028
24-Mar-21,"2,767.26",-0.0074
23-Mar-21,"2,788.01",-0.0077
22-Mar-21,"2,809.65",0.0048
19-Mar-21,"2,796.14",-0.0022
18-Mar-21,"2,802.27",-0.0087
17-Mar-21,"2,826.79",0.0011
16-Mar-21,"2,823.69",0.0007
15-Mar-21,"2,821.85",0.0052
12-Mar-21,"2,807.21",0.0004
11-Mar-21,"2,806.07",0.0111
10-Mar-21,"2,775.34",0.0049
9-Mar-21,"2,761.82",0.0144
8-Mar-21,"2,722.64",-0.0022
5-Mar-21,"2,728.56",0.0082
4-Mar-21,"2,706.48",-0.0128
3-Mar-21,"2,741.68",-0.0096
2-Mar-21,"2,768.25",-0.0056
1-Mar-21,"2,783.70",0.0208
26-Feb-21,"2,726.91",-0.0121
25-Feb-21,"2,760.26",-0.015
24-Feb-21,"2,802.40",0.0047
23-Feb-21,"2,789.21",0.0004
22-Feb-21,"2,788.11",-0.0065
19-Feb-21,"2,806.47",0.0013
18-Feb-21,"2,802.92",-0.0046
17-Feb-21,"2,815.98",-0.0043
16-Feb-21,"2,828.15",-0.0005
15-Feb-21,"2,829.67",0.0038
12-Feb-21,"2,818.85",0.0042
11-Feb-21,"2,807.16",0.0023
10-Feb-21,"2,800.68",0.0008
9-Feb-21,"2,798.55",0.001
8-Feb-21,"2,795.89",0.0081
5-Feb-21,"2,773.45",0.0057
4-Feb-21,"2,757.66",0.0072
3-Feb-21,"2,737.93",0.0022
2-Feb-21,"2,731.95",0.0126
1-Feb-21,"2,697.88",0.0136
29-Jan-21,"2,661.69",-0.018
28-Jan-21,"2,710.60",0.006
27-Jan-21,"2,694.42",-0.0217
26-Jan-21,"2,754.12",-0.001
25-Jan-21,"2,756.87",0.0004
22-Jan-21,"2,755.66",-0.0036
21-Jan-21,"2,765.57",0.0015
20-Jan-21,"2,761.48",0.0106
19-Jan-21,"2,732.48",0.007
18-Jan-21,"2,713.49",-0.0005
15-Jan-21,"2,714.81",-0.0085
14-Jan-21,"2,738.09",-0.0006
13-Jan-21,"2,739.87",0.002
12-Jan-21,"2,734.40",0.0016
11-Jan-21,"2,730.05",-0.0084
8-Jan-21,"2,753.31",0.007
7-Jan-21,"2,734.19",0.0128
6-Jan-21,"2,699.51",0.0057
5-Jan-21,"2,684.18",0.0053
4-Jan-21,"2,670.04",-0.0074
1-Jan-21,"2,690.04",0
31-Dec-20,"2,690.04",0.0015
30-Dec-20,"2,686.06",0.0014
29-Dec-20,"2,682.18",0.002
28-Dec-20,"2,676.80",0.0066
25-Dec-20,"2,659.27",0.0001
24-Dec-20,"2,659.04",0.0029
23-Dec-20,"2,651.41",0.0032
22-Dec-20,"2,643.07",-0.0007
21-Dec-20,"2,644.97",-0.008
18-Dec-20,"2,666.30",-0.0032
17-Dec-20,"2,674.87",0.0076
16-Dec-20,"2,654.79",0.0042
15-Dec-20,"2,643.74",0.0093
14-Dec-20,"2,619.43",-0.0009
11-Dec-20,"2,621.89",-0.0025
10-Dec-20,"2,628.58",0.0004
9-Dec-20,"2,627.53",-0.0055
8-Dec-20,"2,642.05",0.0023
7-Dec-20,"2,635.88",-0.0014
4-Dec-20,"2,639.66",0.007
3-Dec-20,"2,621.28",0.0028
2-Dec-20,"2,613.91",0.0019
1-Dec-20,"2,609.01",0.01
30-Nov-20,"2,583.14",-0.007
27-Nov-20,"2,601.45",0.0044
26-Nov-20,"2,590.15",0.0002
25-Nov-20,"2,589.67",0.001
24-Nov-20,"2,587.19",0.0158
23-Nov-20,"2,546.90",0.0027
20-Nov-20,"2,540.02",-0.0025
19-Nov-20,"2,546.31",0.0012
18-Nov-20,"2,543.36",-0.0059
17-Nov-20,"2,558.43",-0.0012
16-Nov-20,"2,561.50",0.0127
13-Nov-20,"2,529.29",0.008
12-Nov-20,"2,509.24",-0.0075
11-Nov-20,"2,528.25",0.0084
10-Nov-20,"2,507.10",0.002
9-Nov-20,"2,502.06",0.013
6-Nov-20,"2,470.05",0.0014
5-Nov-20,"2,466.58",0.0207
4-Nov-20,"2,416.61",0.02
3-Nov-20,"2,369.27",0.0203
2-Nov-20,"2,322.14",0.0127
30-Oct-20,"2,292.93",-0.011
29-Oct-20,"2,318.44",0.0051
28-Oct-20,"2,306.65",-0.0315
27-Oct-20,"2,381.65",-0.0035
26-Oct-20,"2,390.08",-0.0166
23-Oct-20,"2,430.54",0.0039
22-Oct-20,"2,421.00",0.0013
21-Oct-20,"2,417.83",-0.002
20-Oct-20,"2,422.71",0.0021
19-Oct-20,"2,417.69",-0.0092
16-Oct-20,"2,440.14",0.0017
15-Oct-20,"2,435.93",-0.0072
14-Oct-20,"2,453.61",-0.0043
13-Oct-20,"2,464.18",-0.0055
12-Oct-20,"2,477.92",0.0123
9-Oct-20,"2,447.76",0.0084
8-Oct-20,"2,427.36",0.0075
7-Oct-20,"2,409.39",0.0113
6-Oct-20,"2,382.57",-0.0087
5-Oct-20,"2,403.50",0.0174
2-Oct-20,"2,362.41",-0.0074
1-Oct-20,"2,380.02",0.0054
30-Sep-20,"2,367.27",0.0032
29-Sep-20,"2,359.63",-0.0029
28-Sep-20,"2,366.41",0.017
25-Sep-20,"2,326.85",0.0115
24-Sep-20,"2,300.30",-0.0023
23-Sep-20,"2,305.57",-0.0161
22-Sep-20,"2,343.39",0.006
21-Sep-20,"2,329.49",-0.0163
18-Sep-20,"2,367.99",-0.0065
17-Sep-20,"2,383.54",-0.0083
16-Sep-20,"2,403.50",-0.0019
15-Sep-20,"2,407.97",0.0048
14-Sep-20,"2,396.37",0.0119
11-Sep-20,"2,368.14",0.0001
10-Sep-20,"2,367.80",-0.0108
9-Sep-20,"2,393.75",0.0167
8-Sep-20,"2,354.41",-0.0223
7-Sep-20,"2,408.05",0.0035
4-Sep-20,"2,399.60",-0.0108
3-Sep-20,"2,425.78",-0.0274
2-Sep-20,"2,494.10",0.0109
1-Sep-20,"2,467.25",0.0048
31-Aug-20,"2,455.51",-0.0005
28-Aug-20,"2,456.86",0.0058
27-Aug-20,"2,442.79",-0.0013
26-Aug-20,"2,446.05",0.0095
25-Aug-20,"2,422.95",0.0024
24-Aug-20,"2,417.05",0.0104
21-Aug-20,"2,392.11",0.0012
20-Aug-20,"2,389.15",-0.0022
19-Aug-20,"2,394.47",-0.002
18-Aug-20,"2,399.37",0.0023
17-Aug-20,"2,393.97",0.0041
14-Aug-20,"2,384.20",-0.0025
13-Aug-20,"2,390.08",-0.0007
12-Aug-20,"2,391.80",0.0137
11-Aug-20,"2,359.47",-0.0006
10-Aug-20,"2,360.87",0.0021
7-Aug-20,"2,355.97",-0.0017
6-Aug-20,"2,359.89",0.0017
5-Aug-20,"2,355.94",0.0082
4-Aug-20,"2,336.82",0.0055
3-Aug-20,"2,324.08",0.0083
31-Jul-20,"2,304.98",0.0004
30-Jul-20,"2,304.01",-0.0068
29-Jul-20,"2,319.71",0.0086
28-Jul-20,"2,299.91",-0.0051
27-Jul-20,"2,311.62",0.0087
24-Jul-20,"2,291.58",-0.0072
23-Jul-20,"2,308.12",-0.0084
22-Jul-20,"2,327.76",0.0027
21-Jul-20,"2,321.55",0.0037
20-Jul-20,"2,312.95",0.0083
17-Jul-20,"2,293.92",0.0022
16-Jul-20,"2,288.81",-0.0043
15-Jul-20,"2,298.78",0.0124
14-Jul-20,"2,270.69",0.0075
13-Jul-20,"2,253.76",-0.0026
10-Jul-20,"2,259.60",0.0084
9-Jul-20,"2,240.73",-0.0053
8-Jul-20,"2,252.64",0.0042
7-Jul-20,"2,243.17",-0.0093
6-Jul-20,"2,264.29",0.017
3-Jul-20,"2,226.39",-0.0006
2-Jul-20,"2,227.65",0.0074
1-Jul-20,"2,211.27",0.0043
30-Jun-20,"2,201.79",0.0116
29-Jun-20,"2,176.44",0.0089
26-Jun-20,"2,157.19",-0.0165
25-Jun-20,"2,193.40",0.0061
24-Jun-20,"2,180.12",-0.025
23-Jun-20,"2,236.04",0.0082
22-Jun-20,"2,217.82",0.004
19-Jun-20,"2,208.97",-0.003
18-Jun-20,"2,215.64",-0.001
17-Jun-20,"2,217.90",-0.0005
16-Jun-20,"2,219.10",0.0219
15-Jun-20,"2,171.44",0.0032
12-Jun-20,"2,164.46",0.0047
11-Jun-20,"2,154.44",-0.0498
10-Jun-20,"2,267.36",-0.0035
9-Jun-20,"2,275.28",-0.0056
8-Jun-20,"2,288.04",0.0094
5-Jun-20,"2,266.76",0.0218
4-Jun-20,"2,218.50",-0.0018
3-Jun-20,"2,222.54",0.0162
2-Jun-20,"2,187.09",0.0107
1-Jun-20,"2,163.92",0.0075
29-May-20,"2,147.88",-0.0002
28-May-20,"2,148.33",0.0053
27-May-20,"2,136.90",0.0107
26-May-20,"2,114.27",0.0156
25-May-20,"2,081.83",0.0048
22-May-20,"2,071.90",-0.0011
21-May-20,"2,074.10",-0.0086
20-May-20,"2,092.03",0.0149
19-May-20,"2,061.37",-0.0037
18-May-20,"2,069.00",0.0302
15-May-20,"2,008.41",0.0043
14-May-20,"1,999.89",0.0007
13-May-20,"1,998.48",-0.0175
12-May-20,"2,034.06",-0.0129
11-May-20,"2,060.70",-0.0006
8-May-20,"2,061.89",0.0177
7-May-20,"2,026.12",0.0092
6-May-20,"2,007.60",-0.0052
5-May-20,"2,018.11",0.0102
4-May-20,"1,997.75",-0.0035
1-May-20,"2,004.79",-0.0234
30-Apr-20,"2,052.85",-0.0086
29-Apr-20,"2,070.76",0.0234
28-Apr-20,"2,023.35",0.0004
27-Apr-20,"2,022.49",0.0175
24-Apr-20,"1,987.65",0.0067
23-Apr-20,"1,974.38",0.0031
22-Apr-20,"1,968.27",0.0186
21-Apr-20,"1,932.25",-0.031
20-Apr-20,"1,994.03",-0.0116
17-Apr-20,"2,017.51",0.0271
16-Apr-20,"1,964.33",0.0021
15-Apr-20,"1,960.20",-0.0232
14-Apr-20,"2,006.81",0.0256
13-Apr-20,"1,956.75",-0.0077
10-Apr-20,"1,971.95",0.0006
9-Apr-20,"1,970.67",0.0158
8-Apr-20,"1,940.08",0.0238
7-Apr-20,"1,895.04",0.0072
6-Apr-20,"1,881.48",0.0589
3-Apr-20,"1,776.86",-0.0145
2-Apr-20,"1,803.07",0.0122
1-Apr-20,"1,781.27",-0.0386
31-Mar-20,"1,852.73",-0.0095
30-Mar-20,"1,870.48",0.0237
27-Mar-20,"1,827.17",-0.0258
26-Mar-20,"1,875.56",0.0502
25-Mar-20,"1,785.99",0.0249
24-Mar-20,"1,742.61",0.0877
23-Mar-20,"1,602.11",-0.0296
20-Mar-20,"1,650.94",-0.0257
19-Mar-20,"1,694.45",0.0073
18-Mar-20,"1,682.25",-0.0511
17-Mar-20,"1,772.93",0.0412
16-Mar-20,"1,702.79",-0.0951
13-Mar-20,"1,881.64",0.0592
12-Mar-20,"1,776.52",-0.0991
11-Mar-20,"1,972.04",-0.0389
10-Mar-20,"2,051.96",0.0284
9-Mar-20,"1,995.22",-0.0717
6-Mar-20,"2,149.29",-0.0196
5-Mar-20,"2,192.35",-0.0226
4-Mar-20,"2,243.09",0.0292
3-Mar-20,"2,179.48",-0.0149
2-Mar-20,"2,212.38",0.0333
28-Feb-20,"2,141.12",-0.0166
27-Feb-20,"2,177.25",-0.036
26-Feb-20,"2,258.62",-0.0048
25-Feb-20,"2,269.42",-0.0263
24-Feb-20,"2,330.75",-0.03
21-Feb-20,"2,402.80",-0.0072
20-Feb-20,"2,420.21",-0.0045
19-Feb-20,"2,431.22",0.004
18-Feb-20,"2,421.47",-0.0038
17-Feb-20,"2,430.69",-0.0003
14-Feb-20,"2,431.37",0.0006
13-Feb-20,"2,429.89",-0.0021
12-Feb-20,"2,434.95",0.0057
11-Feb-20,"2,421.26",0.0034
10-Feb-20,"2,413.10",0.0035
7-Feb-20,"2,404.75",-0.0049
6-Feb-20,"2,416.48",0.0048
5-Feb-20,"2,404.96",0.0091
4-Feb-20,"2,383.30",0.0135
3-Feb-20,"2,351.45",0.0039
31-Jan-20,"2,342.41",-0.0125
30-Jan-20,"2,372.01",-0.0006
29-Jan-20,"2,373.52",0.0004
28-Jan-20,"2,372.52",0.007
27-Jan-20,"2,356.09",-0.0164
24-Jan-20,"2,395.31",-0.0045
23-Jan-20,"2,406.14",-0.0017
22-Jan-20,"2,410.23",0.0004
21-Jan-20,"2,409.29",-0.0024
20-Jan-20,"2,415.03",-0.0002
17-Jan-20,"2,415.51",0.0039
16-Jan-20,"2,406.17",0.0059
15-Jan-20,"2,392.06",0.0015
14-Jan-20,"2,388.50",0.0001
13-Jan-20,"2,388.25",0.0045
10-Jan-20,"2,377.62",-0.0009
9-Jan-20,"2,379.85",0.0055
8-Jan-20,"2,366.93",0.0019
7-Jan-20,"2,362.43",-0.0009
6-Jan-20,"2,364.49",0.0006
3-Jan-20,"2,363.12",-0.0054
2-Jan-20,"2,375.94",0.0074
1-Jan-20,"2,358.48",0
31-Dec-19,"2,358.47",0.0022
30-Dec-19,"2,353.25",-0.0049
27-Dec-19,"2,364.90",0.002
26-Dec-19,"2,360.21",0.0038
25-Dec-19,"2,351.22",-0.0003
24-Dec-19,"2,351.84",0.0005
23-Dec-19,"2,350.75",0.0004
20-Dec-19,"2,349.87",0.0039
19-Dec-19,"2,340.65",0.0032
18-Dec-19,"2,333.28",-0.0014
17-Dec-19,"2,336.62",-0.0004
16-Dec-19,"2,337.45",0.0076
13-Dec-19,"2,319.73",0.0045
12-Dec-19,"2,309.36",0.0062
11-Dec-19,"2,295.02",0.0023
10-Dec-19,"2,289.67",-0.0013
9-Dec-19,"2,292.58",-0.0017
6-Dec-19,"2,296.39",0.0078
5-Dec-19,"2,278.63",0.0014
4-Dec-19,"2,275.47",0.0055
3-Dec-19,"2,263.10",-0.0058
2-Dec-19,"2,276.40",-0.0069
29-Nov-19,"2,292.26",-0.0041
28-Nov-19,"2,301.79",-0.0004
27-Nov-19,"2,302.67",0.0034
26-Nov-19,"2,294.78",0.0018
25-Nov-19,"2,290.65",0.0074
22-Nov-19,"2,273.89",0.0016
21-Nov-19,"2,270.36",-0.002
20-Nov-19,"2,274.92",-0.0043
19-Nov-19,"2,284.85",-0.0004
18-Nov-19,"2,285.76",0.0013
15-Nov-19,"2,282.80",0.0077
14-Nov-19,"2,265.29",-0.0013
13-Nov-19,"2,268.33",-0.0007
12-Nov-19,"2,270.01",0.0016
11-Nov-19,"2,266.36",-0.0011
8-Nov-19,"2,268.83",0.0009
7-Nov-19,"2,266.69",0.0024
6-Nov-19,"2,261.37",0.0009
5-Nov-19,"2,259.26",-0.001
4-Nov-19,"2,261.45",0.0042
1-Nov-19,"2,252.07",0.0083
31-Oct-19,"2,233.53",-0.0017
30-Oct-19,"2,237.31",0.0022
29-Oct-19,"2,232.45",0.0005
28-Oct-19,"2,231.40",0.0039
25-Oct-19,"2,222.75",0.0032
24-Oct-19,"2,215.64",0.0033
23-Oct-19,"2,208.28",0.0018
22-Oct-19,"2,204.29",-0.0023
21-Oct-19,"2,209.34",0.0064
18-Oct-19,"2,195.28",-0.003
17-Oct-19,"2,201.92",0.003
16-Oct-19,"2,195.35",-0.0006
15-Oct-19,"2,196.61",0.0098
14-Oct-19,"2,175.28",-0.0019
11-Oct-19,"2,179.33",0.0136
10-Oct-19,"2,150.16",0.0059
9-Oct-19,"2,137.62",0.0063
8-Oct-19,"2,124.15",-0.0129
7-Oct-19,"2,151.82",-0.0009
4-Oct-19,"2,153.83",0.0105
3-Oct-19,"2,131.36",0.0047
2-Oct-19,"2,121.47",-0.0171
1-Oct-19,"2,158.47",-0.0099
30-Sep-19,"2,180.02",0.0021
27-Sep-19,"2,175.54",-0.0036
26-Sep-19,"2,183.46",-0.0005
25-Sep-19,"2,184.56",0.0011
24-Sep-19,"2,182.07",-0.0053
23-Sep-19,"2,193.74",-0.0017
20-Sep-19,"2,197.55",-0.0032
19-Sep-19,"2,204.67",0.0017
18-Sep-19,"2,201.02",-0.0003
17-Sep-19,"2,201.77",0.0027
16-Sep-19,"2,195.88",-0.0045
13-Sep-19,"2,205.81",0.0018
12-Sep-19,"2,201.81",0.0034
11-Sep-19,"2,194.42",0.0069
10-Sep-19,"2,179.43",0.0005
9-Sep-19,"2,178.41",-0.0002
6-Sep-19,"2,178.90",0.0021
5-Sep-19,"2,174.27",0.0114
4-Sep-19,"2,149.80",0.0108
3-Sep-19,"2,126.92",-0.0045
2-Sep-19,"2,136.58",-0.0009
30-Aug-19,"2,138.52",0.0026
29-Aug-19,"2,133.08",0.01
28-Aug-19,"2,111.92",0.0034
27-Aug-19,"2,104.85",-0.0002
26-Aug-19,"2,105.22",0.0051
23-Aug-19,"2,094.63",-0.0174
22-Aug-19,"2,131.68",-0.0018
21-Aug-19,"2,135.52",0.0075
20-Aug-19,"2,119.57",-0.0057
19-Aug-19,"2,131.81",0.0111
16-Aug-19,"2,108.50",0.0123
15-Aug-19,"2,082.84",-0.0016
14-Aug-19,"2,086.26",-0.0226
13-Aug-19,"2,134.54",0.0079
12-Aug-19,"2,117.73",-0.0082
9-Aug-19,"2,135.34",-0.0054
8-Aug-19,"2,146.91",0.0155
7-Aug-19,"2,114.05",0.0023
6-Aug-19,"2,109.20",0.0057
5-Aug-19,"2,097.32",-0.0245
2-Aug-19,"2,149.99",-0.0107
1-Aug-19,"2,173.18",-0.0066
31-Jul-19,"2,187.56",-0.0072
30-Jul-19,"2,203.40",-0.0041
29-Jul-19,"2,212.50",-0.0014
26-Jul-19,"2,215.71",0.004
25-Jul-19,"2,206.92",-0.0049
24-Jul-19,"2,217.75",0.0037
23-Jul-19,"2,209.59",0.0054
22-Jul-19,"2,197.67",0.0014
19-Jul-19,"2,194.61",-0.0017
18-Jul-19,"2,198.40",0.0002
17-Jul-19,"2,197.94",-0.0046
16-Jul-19,"2,208.09",-0.0028
15-Jul-19,"2,214.34",0.0008
12-Jul-19,"2,212.65",0.0033
11-Jul-19,"2,205.35",0.0019
10-Jul-19,"2,201.14",0.0034
9-Jul-19,"2,193.65",-0.0004
8-Jul-19,"2,194.62",-0.005
5-Jul-19,"2,205.57",-0.0043
4-Jul-19,"2,215.17",0.0008
3-Jul-19,"2,213.35",0.0067
2-Jul-19,"2,198.55",0.0029
1-Jul-19,"2,192.24",0.0064
28-Jun-19,"2,178.35",0.0055
27-Jun-19,"2,166.48",0.0037
26-Jun-19,"2,158.41",-0.0025
25-Jun-19,"2,163.73",-0.0066
24-Jun-19,"2,178.17",0
21-Jun-19,"2,178.16",-0.0024
20-Jun-19,"2,183.36",0.0101
19-Jun-19,"2,161.60",0.005
18-Jun-19,"2,150.91",0.0094
17-Jun-19,"2,130.86",0
14-Jun-19,"2,130.95",-0.0028
13-Jun-19,"2,136.96",0.0012
12-Jun-19,"2,134.42",-0.0025
11-Jun-19,"2,139.74",0.002
10-Jun-19,"2,135.51",0.0041
7-Jun-19,"2,126.88",0.0108
6-Jun-19,"2,104.18",0.004
5-Jun-19,"2,095.83",0.0087
4-Jun-19,"2,077.66",0.0159
3-Jun-19,"2,045.06",-0.0006
31-May-19,"2,046.25",-0.0098
30-May-19,"2,066.48",0.0008
29-May-19,"2,064.80",-0.0095
28-May-19,"2,084.57",-0.0057
27-May-19,"2,096.43",0.0007
24-May-19,"2,095.03",0.0036
23-May-19,"2,087.46",-0.0115
22-May-19,"2,111.78",-0.0028
21-May-19,"2,117.66",0.0062
20-May-19,"2,104.64",-0.0056
17-May-19,"2,116.50",-0.0045
16-May-19,"2,126.06",0.0074
15-May-19,"2,110.40",0.0055
14-May-19,"2,098.76",0.0059
13-May-19,"2,086.46",-0.0187
10-May-19,"2,126.32",0.0033
9-May-19,"2,119.31",-0.0059
8-May-19,"2,131.90",-0.0017
7-May-19,"2,135.49",-0.0144
6-May-19,"2,166.66",-0.0051
3-May-19,"2,177.77",0.0077
2-May-19,"2,161.11",-0.0041
1-May-19,"2,170.03",-0.004
30-Apr-19,"2,178.67",0.0014
29-Apr-19,"2,175.59",0.0008
26-Apr-19,"2,173.82",0.0039
25-Apr-19,"2,165.36",-0.0016
24-Apr-19,"2,168.81",-0.0026
23-Apr-19,"2,174.39",0.0059
22-Apr-19,"2,161.58",0.0006
19-Apr-19,"2,160.36",0.0001
18-Apr-19,"2,160.21",-0.0003
17-Apr-19,"2,160.94",-0.001
16-Apr-19,"2,163.08",0.0009
15-Apr-19,"2,161.14",0.0008
12-Apr-19,"2,159.39",0.0055
11-Apr-19,"2,147.61",-0.0002
10-Apr-19,"2,147.99",0.0022
9-Apr-19,"2,143.20",-0.0045
8-Apr-19,"2,152.89",0.0014
5-Apr-19,"2,149.85",0.0033
4-Apr-19,"2,142.75",-0.0001
3-Apr-19,"2,143.02",0.0053
2-Apr-19,"2,131.71",0
1-Apr-19,"2,131.79",0.0114
29-Mar-19,"2,107.74",0.006
28-Mar-19,"2,095.18",0.0006
27-Mar-19,"2,094.02",-0.0041
26-Mar-19,"2,102.62",0.0075
25-Mar-19,"2,087.06",-0.0037
22-Mar-19,"2,094.81",-0.0156
21-Mar-19,"2,127.93",0.0075
20-Mar-19,"2,112.05",-0.0044
19-Mar-19,"2,121.47",0.0016
18-Mar-19,"2,117.99",0.0044
15-Mar-19,"2,108.78",0.0059
14-Mar-19,"2,096.32",0.0003
13-Mar-19,"2,095.67",0.0059
12-Mar-19,"2,083.38",0.0042
11-Mar-19,"2,074.66",0.0115
8-Mar-19,"2,051.12",-0.005
7-Mar-19,"2,061.41",-0.0083
6-Mar-19,"2,078.69",-0.0042
5-Mar-19,"2,087.50",-0.0014
4-Mar-19,"2,090.40",-0.0028
1-Mar-19,"2,096.35",0.005
28-Feb-19,"2,085.84",-0.003
27-Feb-19,"2,092.12",0.0002
26-Feb-19,"2,091.70",-0.0001
25-Feb-19,"2,091.83",0.0023
22-Feb-19,"2,086.97",0.0046
21-Feb-19,"2,077.44",-0.003
20-Feb-19,"2,083.64",0.0037
19-Feb-19,"2,075.91",0.0016
18-Feb-19,"2,072.62",0.0029
15-Feb-19,"2,066.58",0.0093
14-Feb-19,"2,047.56",-0.0025
13-Feb-19,"2,052.76",0.0037
12-Feb-19,"2,045.12",0.0116
11-Feb-19,"2,021.60",0.0005
8-Feb-19,"2,020.53",-0.0032
7-Feb-19,"2,026.94",-0.0099
6-Feb-19,"2,047.11",-0.0021
5-Feb-19,"2,051.36",0.0067
4-Feb-19,"2,037.76",0.004
1-Feb-19,"2,029.55",0.0005
31-Jan-19,"2,028.49",0.0087
30-Jan-19,"2,010.95",0.0107
29-Jan-19,"1,989.60",0.0002
28-Jan-19,"1,989.18",-0.0063
25-Jan-19,"2,001.86",0.0094
24-Jan-19,"1,983.23",0.0016
23-Jan-19,"1,980.15",0.0007
22-Jan-19,"1,978.83",-0.011
21-Jan-19,"2,000.77",0
18-Jan-19,"2,000.76",0.0127
17-Jan-19,"1,975.61",0.0046
16-Jan-19,"1,966.50",0.0015
15-Jan-19,"1,963.61",0.0079
14-Jan-19,"1,948.16",-0.0046
11-Jan-19,"1,957.17",-0.0003
10-Jan-19,"1,957.69",0.0034
9-Jan-19,"1,950.99",0.0079
8-Jan-19,"1,935.79",0.0084
7-Jan-19,"1,919.75",0.0082
4-Jan-19,"1,904.18",0.0275
3-Jan-19,"1,853.18",-0.0149
2-Jan-19,"1,881.15",-0.0015
1-Jan-19,"1,883.93",0
31-Dec-18,"1,883.90",0.007
28-Dec-18,"1,870.80",0.0045
27-Dec-18,"1,862.38",0.0063
26-Dec-18,"1,850.70",0.0309
25-Dec-18,"1,795.28",-0.0043
24-Dec-18,"1,802.95",-0.0174
21-Dec-18,"1,834.97",-0.015
20-Dec-18,"1,862.82",-0.0158
19-Dec-18,"1,892.71",-0.0081
18-Dec-18,"1,908.16",-0.0032
17-Dec-18,"1,914.33",-0.0145
14-Dec-18,"1,942.55",-0.0161
13-Dec-18,"1,974.41",-0.0007
12-Dec-18,"1,975.88",0.0109
11-Dec-18,"1,954.65",0.0009
10-Dec-18,"1,952.83",-0.0063
7-Dec-18,"1,965.24",-0.0129
6-Dec-18,"1,990.85",-0.0089
5-Dec-18,"2,008.63",-0.0041
4-Dec-18,"2,016.89",-0.0241
3-Dec-18,"2,066.62",0.0124
30-Nov-18,"2,041.36",0.0032
29-Nov-18,"2,034.89",0.0025
28-Nov-18,"2,029.78",0.0149
27-Nov-18,"2,000.07",0.0004
26-Nov-18,"1,999.20",0.0122
23-Nov-18,"1,975.09",-0.0045
22-Nov-18,"1,984.03",-0.0004
21-Nov-18,"1,984.73",0.004
20-Nov-18,"1,976.91",-0.0163
19-Nov-18,"2,009.61",-0.0109
16-Nov-18,"2,031.76",0.0027
15-Nov-18,"2,026.30",0.0055
14-Nov-18,"2,015.14",-0.0056
13-Nov-18,"2,026.52",-0.001
12-Nov-18,"2,028.62",-0.0167
9-Nov-18,"2,063.16",-0.0093
8-Nov-18,"2,082.47",-0.0009
7-Nov-18,"2,084.45",0.0165
6-Nov-18,"2,050.65",0.0049
5-Nov-18,"2,040.68",0.002
2-Nov-18,"2,036.70",-0.0021
1-Nov-18,"2,040.93",0.0094
31-Oct-18,"2,021.98",0.0124
30-Oct-18,"1,997.19",0.0109
29-Oct-18,"1,975.70",-0.0031
26-Oct-18,"1,981.89",-0.0122
25-Oct-18,"2,006.27",0.0089
24-Oct-18,"1,988.62",-0.0223
23-Oct-18,"2,033.89",-0.0095
22-Oct-18,"2,053.44",-0.0043
19-Oct-18,"2,062.33",-0.001
18-Oct-18,"2,064.47",-0.012
17-Oct-18,"2,089.50",-0.0008
16-Oct-18,"2,091.21",0.0176
15-Oct-18,"2,055.11",-0.004
12-Oct-18,"2,063.43",0.009
11-Oct-18,"2,044.95",-0.0211
10-Oct-18,"2,089.10",-0.0231
9-Oct-18,"2,138.46",-0.0024
8-Oct-18,"2,143.56",-0.0037
5-Oct-18,"2,151.42",-0.0065
4-Oct-18,"2,165.43",-0.0083
3-Oct-18,"2,183.63",0
2-Oct-18,"2,183.62",-0.0021
1-Oct-18,"2,188.18",0.0019
28-Sep-18,"2,184.01",-0.0021
27-Sep-18,"2,188.71",-0.0003
26-Sep-18,"2,189.31",-0.0022
25-Sep-18,"2,194.20",0.0005
24-Sep-18,"2,193.01",-0.0032
21-Sep-18,"2,200.01",0.002
20-Sep-18,"2,195.68",0.0082
19-Sep-18,"2,177.74",0.0025
18-Sep-18,"2,172.27",0.0054
17-Sep-18,"2,160.53",-0.0028
14-Sep-18,"2,166.59",0.0018
13-Sep-18,"2,162.68",0.0046
12-Sep-18,"2,152.70",0.0023
11-Sep-18,"2,147.67",0.0023
10-Sep-18,"2,142.64",0.0024
7-Sep-18,"2,137.60",-0.003
6-Sep-18,"2,144.03",-0.0041
5-Sep-18,"2,152.77",-0.0047
4-Sep-18,"2,162.83",-0.0049
3-Sep-18,"2,173.42",-0.001
31-Aug-18,"2,175.50",-0.0028
30-Aug-18,"2,181.56",-0.0042
29-Aug-18,"2,190.75",0.0038
28-Aug-18,"2,182.50",0.0012
27-Aug-18,"2,179.95",0.0085
24-Aug-18,"2,161.61",0.0058
23-Aug-18,"2,149.22",-0.0031
22-Aug-18,"2,155.99",0.002
21-Aug-18,"2,151.79",0.0031
20-Aug-18,"2,145.24",0.0033
17-Aug-18,"2,138.11",0.0033
16-Aug-18,"2,131.05",0.0073
15-Aug-18,"2,115.70",-0.0101
14-Aug-18,"2,137.36",0.0046
13-Aug-18,"2,127.47",-0.0058
10-Aug-18,"2,139.84",-0.011
9-Aug-18,"2,163.69",-0.0011
8-Aug-18,"2,166.15",-0.0003
7-Aug-18,"2,166.85",0.0044
6-Aug-18,"2,157.34",0.0009
3-Aug-18,"2,155.39",0.0036
2-Aug-18,"2,147.58",-0.0008
1-Aug-18,"2,149.36",-0.0017
31-Jul-18,"2,153.10",0.0023
30-Jul-18,"2,148.25",-0.0036
27-Jul-18,"2,156.11",-0.0027
26-Jul-18,"2,161.93",0.0001
25-Jul-18,"2,161.76",0.005
24-Jul-18,"2,151.08",0.0054
23-Jul-18,"2,139.44",0.0001
20-Jul-18,"2,139.17",0.002
19-Jul-18,"2,134.84",-0.0035
18-Jul-18,"2,142.24",0.0019
17-Jul-18,"2,138.15",0.0025
16-Jul-18,"2,132.79",-0.0008
13-Jul-18,"2,134.60",0.0018
12-Jul-18,"2,130.86",0.0064
11-Jul-18,"2,117.30",-0.0087
10-Jul-18,"2,135.87",0.0022
9-Jul-18,"2,131.14",0.0082
6-Jul-18,"2,113.74",0.0084
5-Jul-18,"2,096.19",0.0067
4-Jul-18,"2,082.17",0.0001
3-Jul-18,"2,082.05",0
2-Jul-18,"2,082.08",-0.0035
29-Jun-18,"2,089.30",0.0047
28-Jun-18,"2,079.62",0.0016
27-Jun-18,"2,076.30",-0.0058
26-Jun-18,"2,088.41",0.0014
25-Jun-18,"2,085.59",-0.0139
22-Jun-18,"2,114.90",0.0043
21-Jun-18,"2,105.93",-0.0056
20-Jun-18,"2,117.76",0.003
19-Jun-18,"2,111.44",-0.0068
18-Jun-18,"2,125.79",-0.0039
15-Jun-18,"2,134.15",-0.0037
14-Jun-18,"2,142.02",0.0009
13-Jun-18,"2,140.20",-0.0024
12-Jun-18,"2,145.36",0.0005
11-Jun-18,"2,144.20",0.003
8-Jun-18,"2,137.74",0.0001
7-Jun-18,"2,137.57",0.0004
6-Jun-18,"2,136.74",0.0082
5-Jun-18,"2,119.36",-0.0012
4-Jun-18,"2,121.86",0.006
1-Jun-18,"2,109.19",0.0078
31-May-18,"2,092.92",-0.0036
30-May-18,"2,100.42",0.0082
29-May-18,"2,083.27",-0.0113
28-May-18,"2,107.14",-0.0017
25-May-18,"2,110.80",-0.0033
24-May-18,"2,117.73",-0.0024
23-May-18,"2,122.90",-0.0028
22-May-18,"2,128.78",-0.0009
21-May-18,"2,130.72",0.0047
18-May-18,"2,120.80",-0.0022
17-May-18,"2,125.56",0.0012
16-May-18,"2,122.97",0.0014
15-May-18,"2,119.98",-0.0075
14-May-18,"2,136.09",0.0019
11-May-18,"2,131.96",0.004
10-May-18,"2,123.53",0.0065
9-May-18,"2,109.84",0.007
8-May-18,"2,095.07",-0.0009
7-May-18,"2,096.86",0.0036
4-May-18,"2,089.44",0.0087
3-May-18,"2,071.37",-0.0026
2-May-18,"2,076.69",-0.0034
1-May-18,"2,083.77",-0.0013
30-Apr-18,"2,086.51",-0.0046
27-Apr-18,"2,096.05",0.0017
26-Apr-18,"2,092.44",0.0076
25-Apr-18,"2,076.74",-0.0023
24-Apr-18,"2,081.52",-0.0075
23-Apr-18,"2,097.22",-0.0012
20-Apr-18,"2,099.73",-0.0077
19-Apr-18,"2,115.93",-0.0037
18-Apr-18,"2,123.77",0.0035
17-Apr-18,"2,116.43",0.0079
16-Apr-18,"2,099.82",0.0052
13-Apr-18,"2,088.98",-0.0009
12-Apr-18,"2,090.89",0.004
11-Apr-18,"2,082.57",-0.0036
10-Apr-18,"2,090.11",0.014
9-Apr-18,"2,061.19",0.0041
6-Apr-18,"2,052.78",-0.0134
5-Apr-18,"2,080.69",0.0094
4-Apr-18,"2,061.31",0.0061
3-Apr-18,"2,048.80",0.005
2-Apr-18,"2,038.54",-0.0137
30-Mar-18,"2,066.85",0.0006
29-Mar-18,"2,065.53",0.0087
28-Mar-18,"2,047.75",-0.0038
27-Mar-18,"2,055.55",-0.0066
26-Mar-18,"2,069.13",0.016
23-Mar-18,"2,036.55",-0.0176
22-Mar-18,"2,072.94",-0.0172
21-Mar-18,"2,109.18",-0.0008
20-Mar-18,"2,110.91",0.0002
19-Mar-18,"2,110.40",-0.0111
16-Mar-18,"2,134.05",0.0003
15-Mar-18,"2,133.35",-0.0005
14-Mar-18,"2,134.51",-0.0047
13-Mar-18,"2,144.60",-0.0045
12-Mar-18,"2,154.26",0.0023
9-Mar-18,"2,149.32",0.0113
8-Mar-18,"2,125.28",0.0044
7-Mar-18,"2,115.98",-0.0008
6-Mar-18,"2,117.77",0.0053
5-Mar-18,"2,106.58",0.008
2-Mar-18,"2,089.84",-0.0001
1-Mar-18,"2,089.98",-0.0132
28-Feb-18,"2,117.99",-0.0105
27-Feb-18,"2,140.57",-0.0088
26-Feb-18,"2,159.67",0.0088
23-Feb-18,"2,140.91",0.0112
22-Feb-18,"2,117.17",-0.0006
21-Feb-18,"2,118.36",-0.0037
20-Feb-18,"2,126.22",-0.0046
19-Feb-18,"2,135.94",-0.0009
16-Feb-18,"2,137.91",0.0033
15-Feb-18,"2,130.94",0.0119
14-Feb-18,"2,105.86",0.0121
13-Feb-18,"2,080.68",0.0023
12-Feb-18,"2,075.91",0.0122
9-Feb-18,"2,050.90",0.0029
8-Feb-18,"2,045.01",-0.0267
7-Feb-18,"2,101.07",0.0011
6-Feb-18,"2,098.85",-0.0023
5-Feb-18,"2,103.64",-0.0313
2-Feb-18,"2,171.54",-0.0185
1-Feb-18,"2,212.53",-0.0003
31-Jan-18,"2,213.24",-0.0004
30-Jan-18,"2,214.11",-0.009
29-Jan-18,"2,234.22",-0.0065
26-Jan-18,"2,248.93",0.0065
25-Jan-18,"2,234.38",0.0009
24-Jan-18,"2,232.30",0.001
23-Jan-18,"2,230.05",0.0041
22-Jan-18,"2,221.01",0.0062
19-Jan-18,"2,207.40",0.0049
18-Jan-18,"2,196.73",-0.0015
17-Jan-18,"2,199.93",0.0053
16-Jan-18,"2,188.39",-0.0025
15-Jan-18,"2,193.95",0.004
12-Jan-18,"2,185.31",0.0062
11-Jan-18,"2,171.78",0.0044
10-Jan-18,"2,162.29",0.0002
9-Jan-18,"2,161.78",0.0018
8-Jan-18,"2,157.96",0.0006
5-Jan-18,"2,156.60",0.0065
4-Jan-18,"2,142.75",0.008
3-Jan-18,"2,125.65",0.0045
2-Jan-18,"2,116.04",0.006
1-Jan-18,"2,103.47",0
29-Dec-17,"2,103.45",-0.0016
28-Dec-17,"2,106.89",0.0018
27-Dec-17,"2,103.19",0.0018
26-Dec-17,"2,099.31",-0.0003
25-Dec-17,"2,099.94",0.0002
22-Dec-17,"2,099.59",-0.0006
21-Dec-17,"2,100.78",0.0025
20-Dec-17,"2,095.44",-0.0004
19-Dec-17,"2,096.34",-0.0037
18-Dec-17,"2,104.02",0.0089
15-Dec-17,"2,085.54",0.0038
14-Dec-17,"2,077.55",-0.0033
13-Dec-17,"2,084.37",0.0005
12-Dec-17,"2,083.43",0.0011
11-Dec-17,"2,081.24",0.0038
8-Dec-17,"2,073.46",0.0048
7-Dec-17,"2,063.58",0.0026
6-Dec-17,"2,058.22",-0.0026
5-Dec-17,"2,063.64",-0.0031
4-Dec-17,"2,069.99",0.0003
1-Dec-17,"2,069.37",-0.0038
30-Nov-17,"2,077.36",0.0054
29-Nov-17,"2,066.22",-0.0002
28-Nov-17,"2,066.55",0.0052
27-Nov-17,"2,055.77",-0.0018
24-Nov-17,"2,059.54",0.003
23-Nov-17,"2,053.28",0.0016
22-Nov-17,"2,050.06",0.0014
21-Nov-17,"2,047.15",0.0056
20-Nov-17,"2,035.73",0.0013
17-Nov-17,"2,033.18",-0.0013
16-Nov-17,"2,035.81",0.0073
15-Nov-17,"2,021.03",-0.0053
14-Nov-17,"2,031.88",-0.0019
13-Nov-17,"2,035.71",-0.0022
10-Nov-17,"2,040.25",-0.001
9-Nov-17,"2,042.36",-0.0041
8-Nov-17,"2,050.70",0.0019
7-Nov-17,"2,046.78",0
6-Nov-17,"2,046.80",0.0007
3-Nov-17,"2,045.47",0.0011
2-Nov-17,"2,043.24",0.001
1-Nov-17,"2,041.17",0.0021
31-Oct-17,"2,036.80",0.0011
30-Oct-17,"2,034.59",0
27-Oct-17,"2,034.60",0.0044
26-Oct-17,"2,025.69",0.0011
25-Oct-17,"2,023.48",-0.0039
24-Oct-17,"2,031.38",0.0007
23-Oct-17,"2,030.06",-0.0027
20-Oct-17,"2,035.58",0.0011
19-Oct-17,"2,033.29",0.0014
18-Oct-17,"2,030.44",0.0015
17-Oct-17,"2,027.36",-0.0012
16-Oct-17,"2,029.89",0.0009
13-Oct-17,"2,028.01",0.0022
12-Oct-17,"2,023.64",-0.0004
11-Oct-17,"2,024.54",0.0015
10-Oct-17,"2,021.55",0.0042
9-Oct-17,"2,013.12",-0.0004
6-Oct-17,"2,014.02",-0.0011
5-Oct-17,"2,016.15",0.0026
4-Oct-17,"2,010.95",0.0007
3-Oct-17,"2,009.63",0.0025
2-Oct-17,"2,004.67",0.0021
29-Sep-17,"2,000.55",0.0041
28-Sep-17,"1,992.36",0.0022
27-Sep-17,"1,988.00",0.0024
26-Sep-17,"1,983.25",-0.0029
25-Sep-17,"1,989.08",-0.0028
22-Sep-17,"1,994.58",0.0021
21-Sep-17,"1,990.33",-0.0042
20-Sep-17,"1,998.69",0.0013
19-Sep-17,"1,996.09",0.0028
18-Sep-17,"1,990.58",0.0014
15-Sep-17,"1,987.72",0.0022
14-Sep-17,"1,983.42",-0.0017
13-Sep-17,"1,986.74",-0.0008
12-Sep-17,"1,988.28",0.0032
11-Sep-17,"1,981.97",0.0089
8-Sep-17,"1,964.52",0
7-Sep-17,"1,964.57",0.0028
6-Sep-17,"1,959.15",0.0023
5-Sep-17,"1,954.64",-0.0044
4-Sep-17,"1,963.32",-0.0013
1-Sep-17,"1,965.79",0.0031
31-Aug-17,"1,959.74",0.0063
30-Aug-17,"1,947.53",0.0013
29-Aug-17,"1,945.05",-0.0006
28-Aug-17,"1,946.28",0.0009
25-Aug-17,"1,944.56",0.0025
24-Aug-17,"1,939.65",-0.0013
23-Aug-17,"1,942.15",-0.0016
22-Aug-17,"1,945.18",0.0067
21-Aug-17,"1,932.22",0.0009
18-Aug-17,"1,930.40",-0.0031
17-Aug-17,"1,936.32",-0.0091
16-Aug-17,"1,954.04",0.0025
15-Aug-17,"1,949.23",-0.0017
14-Aug-17,"1,952.58",0.0077
11-Aug-17,"1,937.73",-0.0013
10-Aug-17,"1,940.28",-0.011
9-Aug-17,"1,961.88",-0.0025
8-Aug-17,"1,966.81",-0.0025
7-Aug-17,"1,971.76",0.002
4-Aug-17,"1,967.77",-0.0005
3-Aug-17,"1,968.72",-0.0008
2-Aug-17,"1,970.29",-0.0001
1-Aug-17,"1,970.39",0.0047
31-Jul-17,"1,961.10",0.0004
28-Jul-17,"1,960.32",-0.0016
27-Jul-17,"1,963.54",0.0008
26-Jul-17,"1,961.90",0.0007
25-Jul-17,"1,960.59",0.0029
24-Jul-17,"1,954.84",-0.002
21-Jul-17,"1,958.77",-0.0023
20-Jul-17,"1,963.31",0.0024
19-Jul-17,"1,958.56",0.0046
18-Jul-17,"1,949.66",0.0006
17-Jul-17,"1,948.58",0.0003
14-Jul-17,"1,948.07",0.0057
13-Jul-17,"1,936.94",0.0021
12-Jul-17,"1,932.86",0.009
11-Jul-17,"1,915.67",-0.0008
10-Jul-17,"1,917.11",0.0021
7-Jul-17,"1,913.18",0.0022
6-Jul-17,"1,909.01",-0.0059
5-Jul-17,"1,920.33",0.0007
4-Jul-17,"1,918.90",-0.0009
3-Jul-17,"1,920.58",0.0022
30-Jun-17,"1,916.43",-0.0016
29-Jun-17,"1,919.59",-0.0063
28-Jun-17,"1,931.73",0.0074
27-Jun-17,"1,917.57",-0.0051
26-Jun-17,"1,927.49",0.0013
23-Jun-17,"1,925.01",0.0018
22-Jun-17,"1,921.54",0.0008
21-Jun-17,"1,920.00",-0.0013
20-Jun-17,"1,922.54",-0.0072
19-Jun-17,"1,936.52",0.0069
16-Jun-17,"1,923.24",0.0035
15-Jun-17,"1,916.52",-0.0073
14-Jun-17,"1,930.52",0.0009
13-Jun-17,"1,928.74",0.0052
12-Jun-17,"1,918.70",-0.0021
9-Jun-17,"1,922.79",-0.0007
8-Jun-17,"1,924.20",-0.0015
7-Jun-17,"1,927.06",0.0005
6-Jun-17,"1,926.05",-0.0029
5-Jun-17,"1,931.73",-0.0018
2-Jun-17,"1,935.21",0.0063
1-Jun-17,"1,923.10",0.0059
31-May-17,"1,911.74",0.001
30-May-17,"1,909.90",-0.0009
29-May-17,"1,911.70",-0.0003
26-May-17,"1,912.21",-0.0012
25-May-17,"1,914.59",0.0036
24-May-17,"1,907.81",0.0006
23-May-17,"1,906.69",0.0009
22-May-17,"1,904.92",0.0054
19-May-17,"1,894.77",0.0073
18-May-17,"1,880.96",-0.0009
17-May-17,"1,882.62",-0.0124
16-May-17,"1,906.23",0.0024
15-May-17,"1,901.64",0.0046
12-May-17,"1,892.97",0.0009
11-May-17,"1,891.21",-0.0025
10-May-17,"1,895.93",0.0013
9-May-17,"1,893.41",-0.0021
8-May-17,"1,897.32",0.0003
5-May-17,"1,896.75",0.0054
4-May-17,"1,886.48",0.0018
3-May-17,"1,883.13",-0.0016
2-May-17,"1,886.15",0.0019
1-May-17,"1,882.49",0.0022
28-Apr-17,"1,878.28",-0.0015
27-Apr-17,"1,881.14",-0.0007
26-Apr-17,"1,882.44",0.0002
25-Apr-17,"1,882.04",0.0056
24-Apr-17,"1,871.65",0.0161
21-Apr-17,"1,842.06",-0.0025
20-Apr-17,"1,846.65",0.0063
19-Apr-17,"1,835.04",-0.0013
18-Apr-17,"1,837.34",-0.0048
17-Apr-17,"1,846.13",0.0076
14-Apr-17,"1,832.28",-0.0005
13-Apr-17,"1,833.12",-0.0054
12-Apr-17,"1,842.98",-0.0027
11-Apr-17,"1,847.88",0.0006
10-Apr-17,"1,846.78",0.0007
7-Apr-17,"1,845.46",-0.0006
6-Apr-17,"1,846.59",0.0003
5-Apr-17,"1,845.95",-0.0022
4-Apr-17,"1,850.02",0.0006
3-Apr-17,"1,848.97",-0.0025
31-Mar-17,"1,853.69",-0.0034
30-Mar-17,"1,859.95",0.0017
29-Mar-17,"1,856.76",-0.0011
28-Mar-17,"1,858.88",0.0074
27-Mar-17,"1,845.15",-0.0004
24-Mar-17,"1,845.81",0.0005
23-Mar-17,"1,844.97",0.0013
22-Mar-17,"1,842.63",-0.002
21-Mar-17,"1,846.39",-0.0076
20-Mar-17,"1,860.53",-0.0014
17-Mar-17,"1,863.08",-0.0005
16-Mar-17,"1,864.10",0.0054
15-Mar-17,"1,854.15",0.0061
14-Mar-17,"1,842.98",-0.0038
13-Mar-17,"1,850.02",0.0022
10-Mar-17,"1,845.88",0.0054
9-Mar-17,"1,835.90",0.0006
8-Mar-17,"1,834.72",-0.0032
7-Mar-17,"1,840.57",-0.0028
6-Mar-17,"1,845.70",-0.0018
3-Mar-17,"1,848.98",0.0001
2-Mar-17,"1,848.84",-0.004
1-Mar-17,"1,856.34",0.0096
28-Feb-17,"1,838.70",-0.0016
27-Feb-17,"1,841.57",0.0004
24-Feb-17,"1,840.80",-0.0025
23-Feb-17,"1,845.35",0.0016
22-Feb-17,"1,842.37",-0.0004
21-Feb-17,"1,843.05",0.0034
20-Feb-17,"1,836.78",0.0002
17-Feb-17,"1,836.50",0
16-Feb-17,"1,836.56",0.0016
15-Feb-17,"1,833.55",0.0054
14-Feb-17,"1,823.63",0.0002
13-Feb-17,"1,823.34",0.0048
10-Feb-17,"1,814.71",0.004
9-Feb-17,"1,807.54",0.0029
8-Feb-17,"1,802.26",0.0028
7-Feb-17,"1,797.29",-0.0005
6-Feb-17,"1,798.21",-0.004
3-Feb-17,"1,805.51",0.0058
2-Feb-17,"1,795.11",0.001
1-Feb-17,"1,793.39",0.0006
31-Jan-17,"1,792.40",0.0002
30-Jan-17,"1,792.06",-0.0063
27-Jan-17,"1,803.39",-0.0002
26-Jan-17,"1,803.75",-0.0011
25-Jan-17,"1,805.81",0.0085
24-Jan-17,"1,790.57",0.0051
23-Jan-17,"1,781.43",-0.0007
20-Jan-17,"1,782.71",0.0038
19-Jan-17,"1,776.02",-0.0054
18-Jan-17,"1,785.69",0.0016
17-Jan-17,"1,782.86",-0.0005
16-Jan-17,"1,783.76",-0.0025
13-Jan-17,"1,788.23",0.0027
12-Jan-17,"1,783.44",0.003
11-Jan-17,"1,778.17",-0.0008
10-Jan-17,"1,779.62",0.0015
9-Jan-17,"1,776.94",-0.0035
6-Jan-17,"1,783.10",0.0004
5-Jan-17,"1,782.46",0.0048
4-Jan-17,"1,773.96",0.0091
3-Jan-17,"1,757.99",0.0028
2-Jan-17,"1,753.09",0.0011
30-Dec-16,"1,751.22",-0.001
29-Dec-16,"1,752.96",0.0014
28-Dec-16,"1,750.48",-0.0057
27-Dec-16,"1,760.56",0.0012
26-Dec-16,"1,758.48",-0.0004
23-Dec-16,"1,759.15",0.0008
22-Dec-16,"1,757.83",-0.0013
21-Dec-16,"1,760.09",-0.0008
20-Dec-16,"1,761.43",0.0015
19-Dec-16,"1,758.82",0.0023
16-Dec-16,"1,754.74",0.0001
15-Dec-16,"1,754.51",-0.0052
14-Dec-16,"1,763.72",-0.0058
13-Dec-16,"1,774.01",0.0078
12-Dec-16,"1,760.25",0.0001
9-Dec-16,"1,760.12",0.0041
8-Dec-16,"1,752.94",0.0021
7-Dec-16,"1,749.31",0.0124
6-Dec-16,"1,727.82",0.0057
5-Dec-16,"1,718.10",0.0054
2-Dec-16,"1,708.94",0.0002
1-Dec-16,"1,708.64",-0.002
30-Nov-16,"1,712.09",-0.0019
29-Nov-16,"1,715.42",0.0014
28-Nov-16,"1,712.98",-0.0046
25-Nov-16,"1,720.84",0.0044
24-Nov-16,"1,713.27",0.0021
23-Nov-16,"1,709.71",-0.002
22-Nov-16,"1,713.07",0.0015
21-Nov-16,"1,710.49",0.0077
18-Nov-16,"1,697.35",-0.0056
17-Nov-16,"1,706.98",0.005
16-Nov-16,"1,698.41",-0.002
15-Nov-16,"1,701.82",0.0056
14-Nov-16,"1,692.31",-0.0028
11-Nov-16,"1,696.99",-0.0025
10-Nov-16,"1,701.29",0.0028
9-Nov-16,"1,696.46",0.0028
8-Nov-16,"1,691.74",0.0036
7-Nov-16,"1,685.62",0.0154
4-Nov-16,"1,660.12",-0.0041
3-Nov-16,"1,667.03",-0.0035
2-Nov-16,"1,672.83",-0.0066
1-Nov-16,"1,683.96",-0.0041
31-Oct-16,"1,690.92",0
28-Oct-16,"1,690.96",-0.0022
27-Oct-16,"1,694.66",-0.0031
26-Oct-16,"1,699.92",-0.0008
25-Oct-16,"1,701.20",-0.003
24-Oct-16,"1,706.24",0.003
21-Oct-16,"1,701.16",-0.0017
20-Oct-16,"1,704.04",-0.0016
19-Oct-16,"1,706.74",0.0033
18-Oct-16,"1,701.10",0.0079
17-Oct-16,"1,687.84",-0.0035
14-Oct-16,"1,693.71",0.0024
13-Oct-16,"1,689.62",-0.0035
12-Oct-16,"1,695.54",-0.0028
11-Oct-16,"1,700.33",-0.011
10-Oct-16,"1,719.29",0.004
7-Oct-16,"1,712.40",-0.0035
6-Oct-16,"1,718.40",-0.0016
5-Oct-16,"1,721.14",0.0019
4-Oct-16,"1,717.82",-0.0029
3-Oct-16,"1,722.82",-0.0017
30-Sep-16,"1,725.67",0.0034
29-Sep-16,"1,719.77",-0.0034
28-Sep-16,"1,725.63",0.0033
27-Sep-16,"1,719.88",0.0029
26-Sep-16,"1,714.85",-0.0086
23-Sep-16,"1,729.70",-0.0062
22-Sep-16,"1,740.55",0.011
21-Sep-16,"1,721.69",0.0108
20-Sep-16,"1,703.23",0.0001
19-Sep-16,"1,703.08",0.004
16-Sep-16,"1,696.31",-0.005
15-Sep-16,"1,704.84",0.0073
14-Sep-16,"1,692.53",-0.0014
13-Sep-16,"1,694.83",-0.0122
12-Sep-16,"1,715.76",0.0046
9-Sep-16,"1,707.94",-0.0209
8-Sep-16,"1,744.44",-0.0017
7-Sep-16,"1,747.47",0.0009
6-Sep-16,"1,745.89",0.0049
5-Sep-16,"1,737.39",0.0016
2-Sep-16,"1,734.60",0.0064
1-Sep-16,"1,723.55",0.0023
31-Aug-16,"1,719.52",-0.0024
30-Aug-16,"1,723.65",-0.0011
29-Aug-16,"1,725.57",-0.0003
26-Aug-16,"1,726.08",-0.0007
25-Aug-16,"1,727.30",-0.0022
24-Aug-16,"1,731.17",-0.0042
23-Aug-16,"1,738.55",0.0034
22-Aug-16,"1,732.61",0.0004
19-Aug-16,"1,731.85",-0.0029
18-Aug-16,"1,736.83",0.003
17-Aug-16,"1,731.64",0.0004
16-Aug-16,"1,730.94",-0.0049
15-Aug-16,"1,739.43",0.0019
12-Aug-16,"1,736.10",0.0002
11-Aug-16,"1,735.80",0.0048
10-Aug-16,"1,727.49",-0.0006
9-Aug-16,"1,728.52",0.005
8-Aug-16,"1,719.91",0.0019
5-Aug-16,"1,716.65",0.0052
4-Aug-16,"1,707.69",0.0025
3-Aug-16,"1,703.43",-0.0018
2-Aug-16,"1,706.52",-0.0065
1-Aug-16,"1,717.67",-0.0024
29-Jul-16,"1,721.79",0.0083
28-Jul-16,"1,707.59",0.0007
27-Jul-16,"1,706.35",0.0002
26-Jul-16,"1,705.99",0.0012
25-Jul-16,"1,703.94",-0.0018
22-Jul-16,"1,706.97",0.0009
21-Jul-16,"1,705.40",-0.0011
20-Jul-16,"1,707.32",0.0051
19-Jul-16,"1,698.72",-0.0031
18-Jul-16,"1,703.93",0.002
15-Jul-16,"1,700.57",-0.0016
14-Jul-16,"1,703.22",0.0052
13-Jul-16,"1,694.38",0.0022
12-Jul-16,"1,690.69",0.0087
11-Jul-16,"1,676.15",0.0083
8-Jul-16,"1,662.32",0.0112
7-Jul-16,"1,643.93",0.0019
6-Jul-16,"1,640.74",-0.0029
5-Jul-16,"1,645.54",-0.0092
4-Jul-16,"1,660.88",0.0004
1-Jul-16,"1,660.26",0.0043
30-Jun-16,"1,653.23",0.0115
29-Jun-16,"1,634.41",0.0221
28-Jun-16,"1,599.12",0.0174
27-Jun-16,"1,571.76",-0.023
24-Jun-16,"1,608.79",-0.049
23-Jun-16,"1,691.76",0.0143
22-Jun-16,"1,667.91",-0.0005
21-Jun-16,"1,668.78",0.0028
20-Jun-16,"1,664.14",0.0173
17-Jun-16,"1,635.78",0.0047
16-Jun-16,"1,628.13",-0.0035
15-Jun-16,"1,633.80",0.0021
14-Jun-16,"1,630.45",-0.0092
13-Jun-16,"1,645.64",-0.0118
10-Jun-16,"1,665.22",-0.0139
9-Jun-16,"1,688.66",-0.0063
8-Jun-16,"1,699.29",0.003
7-Jun-16,"1,694.29",0.0047
6-Jun-16,"1,686.39",0.0047
3-Jun-16,"1,678.58",0.0029
2-Jun-16,"1,673.77",0.0005
1-Jun-16,"1,672.86",-0.001
31-May-16,"1,674.61",-0.0013
30-May-16,"1,676.84",0.0005
27-May-16,"1,676.07",0.0024
26-May-16,"1,672.12",0.0019
25-May-16,"1,668.87",0.0088
24-May-16,"1,654.36",0.0115
23-May-16,"1,635.62",-0.0026
20-May-16,"1,639.85",0.0075
19-May-16,"1,627.61",-0.0083
18-May-16,"1,641.15",-0.0003
17-May-16,"1,641.63",-0.0042
16-May-16,"1,648.49",0.0077
13-May-16,"1,635.92",-0.0085
12-May-16,"1,649.91",-0.0021
11-May-16,"1,653.38",-0.0054
10-May-16,"1,662.31",0.0118
9-May-16,"1,642.89",-0.0002
6-May-16,"1,643.19",0.0012
5-May-16,"1,641.16",-0.0017
4-May-16,"1,644.01",-0.0088
3-May-16,"1,658.64",-0.0101
2-May-16,"1,675.64",0.0029
29-Apr-16,"1,670.80",-0.0039
28-Apr-16,"1,677.34",-0.0051
27-Apr-16,"1,685.95",0.0002
26-Apr-16,"1,685.65",0.0018
25-Apr-16,"1,682.68",-0.0021
22-Apr-16,"1,686.17",-0.0025
21-Apr-16,"1,690.45",-0.0027
20-Apr-16,"1,695.05",0.0013
19-Apr-16,"1,692.91",0.0105
18-Apr-16,"1,675.32",0.0029
15-Apr-16,"1,670.47",-0.0009
14-Apr-16,"1,671.96",0.0035
13-Apr-16,"1,666.17",0.0133
12-Apr-16,"1,644.22",0.0074
11-Apr-16,"1,632.14",0
8-Apr-16,"1,632.20",0.0065
7-Apr-16,"1,621.66",-0.0072
6-Apr-16,"1,633.41",0.0092
5-Apr-16,"1,618.53",-0.0135
4-Apr-16,"1,640.75",0.0004
1-Apr-16,"1,640.14",-0.0048
31-Mar-16,"1,648.12",-0.0029
30-Mar-16,"1,652.89",0.0104
29-Mar-16,"1,635.87",0.0051
28-Mar-16,"1,627.63",0.0024
25-Mar-16,"1,623.71",0.0009
24-Mar-16,"1,622.21",-0.0056
23-Mar-16,"1,631.27",-0.0075
22-Mar-16,"1,643.58",-0.0001
21-Mar-16,"1,643.68",-0.0011
18-Mar-16,"1,645.57",0.0016
17-Mar-16,"1,643.00",0.0133
16-Mar-16,"1,621.47",0.0014
15-Mar-16,"1,619.16",-0.0051
14-Mar-16,"1,627.50",0.0008
11-Mar-16,"1,626.17",0.0182
10-Mar-16,"1,597.09",-0.0009
9-Mar-16,"1,598.47",0.003
8-Mar-16,"1,593.66",-0.0087
7-Mar-16,"1,607.63",-0.0003
4-Mar-16,"1,608.04",0.0061
3-Mar-16,"1,598.26",0.0064
2-Mar-16,"1,588.08",0.0081
1-Mar-16,"1,575.31",0.0182
29-Feb-16,"1,547.17",-0.0047
26-Feb-16,"1,554.47",0.0004
25-Feb-16,"1,553.90",0.0125
24-Feb-16,"1,534.69",-0.0039
23-Feb-16,"1,540.70",-0.0111
22-Feb-16,"1,558.02",0.0129
19-Feb-16,"1,538.17",-0.0035
18-Feb-16,"1,543.51",-0.0005
17-Feb-16,"1,544.32",0.016
16-Feb-16,"1,519.94",0.0106
15-Feb-16,"1,503.96",0.0118
12-Feb-16,"1,486.45",0.0119
11-Feb-16,"1,468.90",-0.012
10-Feb-16,"1,486.76",-0.0012
9-Feb-16,"1,488.54",-0.0067
8-Feb-16,"1,498.54",-0.0166
5-Feb-16,"1,523.87",-0.0161
4-Feb-16,"1,548.86",0.0052
3-Feb-16,"1,540.87",0.0013
2-Feb-16,"1,538.92",-0.0176
1-Feb-16,"1,566.56",0.0028
29-Jan-16,"1,562.18",0.0192
28-Jan-16,"1,532.68",0.0008
27-Jan-16,"1,531.38",-0.0029
26-Jan-16,"1,535.76",0.0096
25-Jan-16,"1,521.15",-0.0102
22-Jan-16,"1,536.79",0.026
21-Jan-16,"1,497.87",0.0041
20-Jan-16,"1,491.73",-0.0189
19-Jan-16,"1,520.49",0.0043
18-Jan-16,"1,514.05",-0.0046
15-Jan-16,"1,521.00",-0.0181
14-Jan-16,"1,549.06",0.0031
13-Jan-16,"1,544.28",-0.0111
12-Jan-16,"1,561.68",0.0026
11-Jan-16,"1,557.59",-0.0025
8-Jan-16,"1,561.47",-0.0094
7-Jan-16,"1,576.32",-0.021
6-Jan-16,"1,610.17",-0.0126
5-Jan-16,"1,630.64",-0.0002
4-Jan-16,"1,630.89",-0.0192
31-Dec-15,"1,662.79",-0.0081
30-Dec-15,"1,676.43",-0.0055
29-Dec-15,"1,685.62",0.0091
28-Dec-15,"1,670.39",-0.0017
25-Dec-15,"1,673.30",-0.0004
24-Dec-15,"1,674.00",0.0015
23-Dec-15,"1,671.51",0.0129
22-Dec-15,"1,650.17",0.0069
21-Dec-15,"1,638.91",0.0032
18-Dec-15,"1,633.75",-0.013
17-Dec-15,"1,655.22",-0.0081
16-Dec-15,"1,668.73",0.0134
15-Dec-15,"1,646.69",0.0088
14-Dec-15,"1,632.28",-0.0034
11-Dec-15,"1,637.83",-0.0157
10-Dec-15,"1,663.88",-0.0003
9-Dec-15,"1,664.37",-0.0038
8-Dec-15,"1,670.68",-0.0094
7-Dec-15,"1,686.58",-0.0048
4-Dec-15,"1,694.78",0.0099
3-Dec-15,"1,678.23",-0.0106
2-Dec-15,"1,696.23",-0.0081
1-Dec-15,"1,710.12",0.0093
30-Nov-15,"1,694.40",-0.0035
27-Nov-15,"1,700.29",-0.0021
26-Nov-15,"1,703.84",0.0035
25-Nov-15,"1,697.83",0.0014
24-Nov-15,"1,695.46",-0.0011
23-Nov-15,"1,697.30",-0.0032
20-Nov-15,"1,702.83",0.0013
19-Nov-15,"1,700.56",0.0053
18-Nov-15,"1,691.55",0.0092
17-Nov-15,"1,676.10",0.0052
16-Nov-15,"1,667.45",0.0079
13-Nov-15,"1,654.30",-0.0103
12-Nov-15,"1,671.49",-0.0121
11-Nov-15,"1,691.88",0.0008
10-Nov-15,"1,690.51",-0.0006
9-Nov-15,"1,691.60",-0.0075
6-Nov-15,"1,704.39",-0.0037
5-Nov-15,"1,710.77",-0.0018
4-Nov-15,"1,713.87",-0.002
3-Nov-15,"1,717.39",0.0013
2-Nov-15,"1,715.18",0.0055
30-Oct-15,"1,705.80",-0.0005
29-Oct-15,"1,706.61",-0.0044
28-Oct-15,"1,714.13",0.0105
27-Oct-15,"1,696.24",-0.0051
26-Oct-15,"1,704.98",-0.001
23-Oct-15,"1,706.61",0.0102
22-Oct-15,"1,689.33",0.0098
21-Oct-15,"1,672.87",-0.0028
20-Oct-15,"1,677.52",-0.0014
19-Oct-15,"1,679.92",-0.0022
16-Oct-15,"1,683.55",0.0046
15-Oct-15,"1,675.77",0.0138
14-Oct-15,"1,653.01",-0.0049
13-Oct-15,"1,661.07",-0.008
12-Oct-15,"1,674.39",0.0004
9-Oct-15,"1,673.77",0.0061
8-Oct-15,"1,663.57",0.0061
7-Oct-15,"1,653.47",0.0076
6-Oct-15,"1,640.98",0.0021
5-Oct-15,"1,637.49",0.0189
2-Oct-15,"1,607.13",0.0121
1-Oct-15,"1,587.98",0.0038
30-Sep-15,"1,581.92",0.0203
29-Sep-15,"1,550.43",-0.0062
28-Sep-15,"1,560.04",-0.0217
25-Sep-15,"1,594.70",0.0046
24-Sep-15,"1,587.38",-0.0058
23-Sep-15,"1,596.66",-0.0026
22-Sep-15,"1,600.76",-0.0173
21-Sep-15,"1,628.93",-0.0011
18-Sep-15,"1,630.69",-0.0134
17-Sep-15,"1,652.88",-0.0006
16-Sep-15,"1,653.81",0.0121
15-Sep-15,"1,634.01",0.0085
14-Sep-15,"1,620.28",-0.0041
11-Sep-15,"1,626.99",0.001
10-Sep-15,"1,625.40",-0.0017
9-Sep-15,"1,628.18",0.0007
8-Sep-15,"1,627.09",0.0178
7-Sep-15,"1,598.65",0.0018
4-Sep-15,"1,595.71",-0.0168
3-Sep-15,"1,622.94",0.0045
2-Sep-15,"1,615.67",0.0093
1-Sep-15,"1,600.71",-0.0272
31-Aug-15,"1,645.43",-0.0076
28-Aug-15,"1,658.07",0.0046
27-Aug-15,"1,650.53",0.0211
26-Aug-15,"1,616.48",0.0206
25-Aug-15,"1,583.86",-0.0035
24-Aug-15,"1,589.50",-0.0372
21-Aug-15,"1,650.96",-0.0273
20-Aug-15,"1,697.25",-0.0167
19-Aug-15,"1,726.01",-0.0104
18-Aug-15,"1,744.20",-0.0028
17-Aug-15,"1,749.08",0.003
14-Aug-15,"1,743.89",0.0014
13-Aug-15,"1,741.43",-0.0006
12-Aug-15,"1,742.42",-0.0041
11-Aug-15,"1,749.63",-0.0096
10-Aug-15,"1,766.62",0.011
7-Aug-15,"1,747.34",-0.003
6-Aug-15,"1,752.67",-0.0057
5-Aug-15,"1,762.75",0.0022
4-Aug-15,"1,758.87",-0.0013
3-Aug-15,"1,761.18",-0.0025
31-Jul-15,"1,765.60",0.0033
30-Jul-15,"1,759.77",-0.0005
29-Jul-15,"1,760.69",0.0078
28-Jul-15,"1,747.06",0.0078
27-Jul-15,"1,733.58",-0.0068
24-Jul-15,"1,745.50",-0.0098
23-Jul-15,"1,762.80",-0.0022
22-Jul-15,"1,766.64",-0.0063
21-Jul-15,"1,777.86",-0.0024
20-Jul-15,"1,782.19",0.0008
17-Jul-15,"1,780.83",-0.0006
16-Jul-15,"1,781.91",0.0078
15-Jul-15,"1,768.12",-0.0007
14-Jul-15,"1,769.41",0.0061
13-Jul-15,"1,758.69",0.0088
10-Jul-15,"1,743.32",0.0151
9-Jul-15,"1,717.47",0.0062
8-Jul-15,"1,706.87",-0.0105
7-Jul-15,"1,724.95",-0.0026
6-Jul-15,"1,729.50",-0.0086
3-Jul-15,"1,744.49",-0.0016
2-Jul-15,"1,747.25",0
1-Jul-15,"1,747.18",0.0067
30-Jun-15,"1,735.61",-0.0011
29-Jun-15,"1,737.60",-0.0217
26-Jun-15,"1,776.22",-0.003
25-Jun-15,"1,781.48",-0.0024
24-Jun-15,"1,785.70",-0.0057
23-Jun-15,"1,795.98",-0.0001
22-Jun-15,"1,796.12",0.012
19-Jun-15,"1,774.88",-0.0032
18-Jun-15,"1,780.62",0.0105
17-Jun-15,"1,762.11",-0.0009
16-Jun-15,"1,763.68",0.0038
15-Jun-15,"1,757.09",-0.0074
12-Jun-15,"1,770.17",-0.0052
11-Jun-15,"1,779.45",0.0015
10-Jun-15,"1,776.71",0.0143
9-Jun-15,"1,751.65",-0.0003
8-Jun-15,"1,752.20",-0.0047
5-Jun-15,"1,760.43",-0.0085
4-Jun-15,"1,775.44",-0.0081
3-Jun-15,"1,789.91",0.0042
2-Jun-15,"1,782.39",0.0023
1-Jun-15,"1,778.28",-0.0006
29-May-15,"1,779.31",-0.0067
28-May-15,"1,791.35",-0.0013
27-May-15,"1,793.60",0.007
26-May-15,"1,781.14",-0.0126
25-May-15,"1,803.82",0.0002
22-May-15,"1,803.50",-0.0041
21-May-15,"1,810.84",0.0038
20-May-15,"1,803.95",0.0001
19-May-15,"1,803.72",-0.0028
18-May-15,"1,808.73",0.0009
15-May-15,"1,807.06",0.002
14-May-15,"1,803.42",0.0075
13-May-15,"1,789.97",0.0028
12-May-15,"1,784.91",-0.0023
11-May-15,"1,789.09",-0.0031
8-May-15,"1,794.70",0.0144
7-May-15,"1,769.25",-0.002
6-May-15,"1,772.82",-0.0003
5-May-15,"1,773.42",-0.0097
4-May-15,"1,790.83",0.0019
1-May-15,"1,787.40",0.0051
30-Apr-15,"1,778.40",-0.0097
29-Apr-15,"1,795.87",-0.0042
28-Apr-15,"1,803.39",0.001
27-Apr-15,"1,801.57",0.001
24-Apr-15,"1,799.86",0.0042
23-Apr-15,"1,792.31",0.0031
22-Apr-15,"1,786.77",0.0027
21-Apr-15,"1,781.95",0.0016
20-Apr-15,"1,779.12",0.0057
17-Apr-15,"1,769.01",-0.0098
16-Apr-15,"1,786.58",0.0016
15-Apr-15,"1,783.79",0.0022
14-Apr-15,"1,779.85",0.0044
13-Apr-15,"1,772.08",-0.0042
10-Apr-15,"1,779.47",0.0043
9-Apr-15,"1,771.86",0.0031
8-Apr-15,"1,766.44",0.0012
7-Apr-15,"1,764.24",-0.0001
6-Apr-15,"1,764.49",0.0081
3-Apr-15,"1,750.26",0.0005
2-Apr-15,"1,749.34",0.0064
1-Apr-15,"1,738.15",-0.0015
31-Mar-15,"1,740.81",-0.0094
30-Mar-15,"1,757.31",0.0072
27-Mar-15,"1,744.82",0
26-Mar-15,"1,744.90",-0.0066
25-Mar-15,"1,756.48",-0.009
24-Mar-15,"1,772.41",-0.0031
23-Mar-15,"1,778.00",0.0019
20-Mar-15,"1,774.57",0.0133
19-Mar-15,"1,751.31",-0.0016
18-Mar-15,"1,754.10",0.0101
17-Mar-15,"1,736.63",-0.002
16-Mar-15,"1,740.09",0.0118
13-Mar-15,"1,719.82",-0.0051
12-Mar-15,"1,728.62",0.0104
11-Mar-15,"1,710.79",-0.001
10-Mar-15,"1,712.55",-0.0168
9-Mar-15,"1,741.84",-0.0001
6-Mar-15,"1,741.99",-0.0123
5-Mar-15,"1,763.74",0.0016
4-Mar-15,"1,760.91",-0.0043
3-Mar-15,"1,768.57",-0.0045
2-Mar-15,"1,776.65",0.0021
27-Feb-15,"1,772.86",-0.0006
26-Feb-15,"1,773.99",-0.0016
25-Feb-15,"1,776.86",0.0011
24-Feb-15,"1,774.92",0.0026
23-Feb-15,"1,770.35",0.0013
20-Feb-15,"1,768.09",0.0041
19-Feb-15,"1,760.80",0.001
18-Feb-15,"1,759.04",0.0024
17-Feb-15,"1,754.80",0.0011
16-Feb-15,"1,752.91",0.0004
13-Feb-15,"1,752.18",0.0063
12-Feb-15,"1,741.22",0.0114
11-Feb-15,"1,721.58",-0.0025
10-Feb-15,"1,725.83",0.0068
9-Feb-15,"1,714.23",-0.0037
6-Feb-15,"1,720.55",-0.004
5-Feb-15,"1,727.49",0.0072
4-Feb-15,"1,715.13",-0.0001
3-Feb-15,"1,715.22",0.0123
2-Feb-15,"1,694.35",0.01
30-Jan-15,"1,677.54",-0.0096
29-Jan-15,"1,693.81",0.0027
28-Jan-15,"1,689.20",-0.0096
27-Jan-15,"1,705.60",-0.0041
26-Jan-15,"1,712.55",0.0028
23-Jan-15,"1,707.74",-0.0016
22-Jan-15,"1,710.47",0.0095
21-Jan-15,"1,694.34",0.0054
20-Jan-15,"1,685.27",0.002
19-Jan-15,"1,681.90",0.004
16-Jan-15,"1,675.15",0.0076
15-Jan-15,"1,662.44",-0.0018
14-Jan-15,"1,665.38",-0.0076
13-Jan-15,"1,678.19",0.0009
12-Jan-15,"1,676.71",-0.0042
9-Jan-15,"1,683.80",-0.0061
8-Jan-15,"1,694.17",0.0192
7-Jan-15,"1,662.22",0.0047
6-Jan-15,"1,654.38",-0.0101
5-Jan-15,"1,671.25",-0.0196
2-Jan-15,"1,704.71",-0.0029
1-Jan-15,"1,709.68",0
31-Dec-14,"1,709.67",-0.0066
30-Dec-14,"1,721.01",-0.0062
29-Dec-14,"1,731.71",0.0013
26-Dec-14,"1,729.42",0.0021
25-Dec-14,"1,725.79",-0.0003
24-Dec-14,"1,726.23",0.0012
23-Dec-14,"1,724.10",0.0005
22-Dec-14,"1,723.26",0.0036
19-Dec-14,"1,717.00",0.0063
18-Dec-14,"1,706.33",0.0202
17-Dec-14,"1,672.48",0.0102
16-Dec-14,"1,655.52",0.0006
15-Dec-14,"1,654.56",-0.0122
12-Dec-14,"1,675.04",-0.0141
11-Dec-14,"1,699.05",0.0004
10-Dec-14,"1,698.43",-0.0137
9-Dec-14,"1,721.97",-0.0026
8-Dec-14,"1,726.47",-0.0069
5-Dec-14,"1,738.52",0.0011
4-Dec-14,"1,736.63",-0.0018
3-Dec-14,"1,739.73",0.0022
2-Dec-14,"1,735.99",0.0035
1-Dec-14,"1,729.89",-0.0055
28-Nov-14,"1,739.50",-0.003
27-Nov-14,"1,744.71",-0.0019
26-Nov-14,"1,748.00",0.003
25-Nov-14,"1,742.82",0.0016
24-Nov-14,"1,740.09",0.0016
21-Nov-14,"1,737.24",0.0068
20-Nov-14,"1,725.47",0.0004
19-Nov-14,"1,724.73",-0.002
18-Nov-14,"1,728.23",0.0077
17-Nov-14,"1,714.97",-0.0013
14-Nov-14,"1,717.20",0.0006
13-Nov-14,"1,716.24",0.0007
12-Nov-14,"1,715.03",-0.001
11-Nov-14,"1,716.83",0.0013
10-Nov-14,"1,714.60",0.0044
7-Nov-14,"1,707.01",-0.0003
6-Nov-14,"1,707.53",0.0006
5-Nov-14,"1,706.51",0.0049
4-Nov-14,"1,698.22",-0.0005
3-Nov-14,"1,699.09",-0.0053
31-Oct-14,"1,708.09",0.0112
30-Oct-14,"1,689.22",0.0017
29-Oct-14,"1,686.35",0.0011
28-Oct-14,"1,684.54",0.0106
27-Oct-14,"1,666.82",-0.0006
24-Oct-14,"1,667.88",0.0048
23-Oct-14,"1,659.97",0.0077
22-Oct-14,"1,647.21",-0.0024
21-Oct-14,"1,651.14",0.0154
20-Oct-14,"1,626.05",0.0077
17-Oct-14,"1,613.56",0.0132
16-Oct-14,"1,592.60",-0.0016
15-Oct-14,"1,595.21",-0.0096
14-Oct-14,"1,610.74",-0.0018
13-Oct-14,"1,613.61",-0.008
10-Oct-14,"1,626.68",-0.0159
9-Oct-14,"1,652.93",-0.0123
8-Oct-14,"1,673.48",0.0073
7-Oct-14,"1,661.36",-0.011
6-Oct-14,"1,679.82",0.0027
3-Oct-14,"1,675.29",0.0044
2-Oct-14,"1,667.98",-0.0067
1-Oct-14,"1,679.18",-0.0113
30-Sep-14,"1,698.41",-0.0022
29-Sep-14,"1,702.18",-0.0033
26-Sep-14,"1,707.87",0.0028
25-Sep-14,"1,703.09",-0.0119
24-Sep-14,"1,723.67",0.0043
23-Sep-14,"1,716.23",-0.0059
22-Sep-14,"1,726.47",-0.008
19-Sep-14,"1,740.32",-0.0014
18-Sep-14,"1,742.74",0.0043
17-Sep-14,"1,735.35",0.0016
16-Sep-14,"1,732.55",0.0033
15-Sep-14,"1,726.86",-0.0015
12-Sep-14,"1,729.50",-0.0043
11-Sep-14,"1,736.99",0.0007
10-Sep-14,"1,735.79",0.0015
9-Sep-14,"1,733.21",-0.0063
8-Sep-14,"1,744.28",-0.0036
5-Sep-14,"1,750.61",0.0012
4-Sep-14,"1,748.59",-0.0019
3-Sep-14,"1,751.97",0.0027
2-Sep-14,"1,747.20",-0.0006
1-Sep-14,"1,748.31",-0.0002
29-Aug-14,"1,748.67",0.0025
28-Aug-14,"1,744.35",-0.0036
27-Aug-14,"1,750.68",0.0009
26-Aug-14,"1,749.14",0.0022
25-Aug-14,"1,745.24",0.0054
22-Aug-14,"1,735.94",-0.0034
21-Aug-14,"1,741.88",0.0035
20-Aug-14,"1,735.79",0.0005
19-Aug-14,"1,734.87",0.0043
18-Aug-14,"1,727.38",0.0077
15-Aug-14,"1,714.24",-0.0009
14-Aug-14,"1,715.71",0.0041
13-Aug-14,"1,708.74",0.0055
12-Aug-14,"1,699.35",-0.0013
11-Aug-14,"1,701.61",0.0065
8-Aug-14,"1,690.57",0.0035
7-Aug-14,"1,684.71",-0.005
6-Aug-14,"1,693.13",-0.003
5-Aug-14,"1,698.22",-0.007
4-Aug-14,"1,710.14",0.0026
1-Aug-14,"1,705.73",-0.005
31-Jul-14,"1,714.33",-0.0149
30-Jul-14,"1,740.19",-0.0023
29-Jul-14,"1,744.20",-0.0023
28-Jul-14,"1,748.23",0
25-Jul-14,"1,748.23",-0.0046
24-Jul-14,"1,756.25",0.0012
23-Jul-14,"1,754.10",0.0019
22-Jul-14,"1,750.75",0.0061
21-Jul-14,"1,740.10",-0.0024
18-Jul-14,"1,744.29",0.0053
17-Jul-14,"1,735.09",-0.0094
16-Jul-14,"1,751.49",0.0058
15-Jul-14,"1,741.43",-0.0032
14-Jul-14,"1,747.03",0.0064
11-Jul-14,"1,736.00",0.0009
10-Jul-14,"1,734.48",-0.0066
9-Jul-14,"1,746.05",0.0025
8-Jul-14,"1,741.64",-0.0075
7-Jul-14,"1,754.80",-0.0049
4-Jul-14,"1,763.44",-0.0004
3-Jul-14,"1,764.12",0.0041
2-Jul-14,"1,756.96",0.0013
1-Jul-14,"1,754.76",0.0065
30-Jun-14,"1,743.42",0.0015
27-Jun-14,"1,740.86",0.0021
26-Jun-14,"1,737.27",-0.0005
25-Jun-14,"1,738.16",0.0002
24-Jun-14,"1,737.82",-0.0049
23-Jun-14,"1,746.29",-0.0007
20-Jun-14,"1,747.43",-0.0006
19-Jun-14,"1,748.41",0.0061
18-Jun-14,"1,737.77",0.0052
17-Jun-14,"1,728.74",0.001
16-Jun-14,"1,726.99",-0.0001
13-Jun-14,"1,727.21",0.001
12-Jun-14,"1,725.49",-0.0033
11-Jun-14,"1,731.20",-0.0024
10-Jun-14,"1,735.32",-0.0004
9-Jun-14,"1,735.98",0.0009
6-Jun-14,"1,734.47",0.0051
5-Jun-14,"1,725.60",0.0046
4-Jun-14,"1,717.76",0.0011
3-Jun-14,"1,715.82",-0.0008
2-Jun-14,"1,717.27",0.0012
30-May-14,"1,715.18",0.0011
29-May-14,"1,713.25",0.0042
28-May-14,"1,706.15",-0.0009
27-May-14,"1,707.67",0.0026
26-May-14,"1,703.18",0.0031
23-May-14,"1,697.94",0.0033
22-May-14,"1,692.36",0.0035
21-May-14,"1,686.51",0.0051
20-May-14,"1,678.01",-0.0047
19-May-14,"1,685.88",0.0013
16-May-14,"1,683.69",0.0008
15-May-14,"1,682.34",-0.0074
14-May-14,"1,694.80",-0.0019
13-May-14,"1,697.99",0.0018
12-May-14,"1,694.88",0.0068
9-May-14,"1,683.36",-0.002
8-May-14,"1,686.79",0.0016
7-May-14,"1,684.04",0.0003
6-May-14,"1,683.52",-0.0037
5-May-14,"1,689.77",0.0005
2-May-14,"1,688.99",-0.0008
1-May-14,"1,690.39",0.0016
30-Apr-14,"1,687.74",0.0032
29-Apr-14,"1,682.38",0.0058
28-Apr-14,"1,672.65",0.0011
25-Apr-14,"1,670.76",-0.0062
24-Apr-14,"1,681.16",0.0011
23-Apr-14,"1,679.25",-0.0016
22-Apr-14,"1,681.98",0.0057
21-Apr-14,"1,672.40",0.0011
18-Apr-14,"1,670.60",0.0005
17-Apr-14,"1,669.81",0.003
16-Apr-14,"1,664.85",0.011
15-Apr-14,"1,646.67",0.0014
14-Apr-14,"1,644.36",0.0036
11-Apr-14,"1,638.43",-0.0107
10-Apr-14,"1,656.09",-0.0115
9-Apr-14,"1,675.32",0.0069
8-Apr-14,"1,663.77",0.0027
7-Apr-14,"1,659.29",-0.0101
4-Apr-14,"1,676.25",-0.0053
3-Apr-14,"1,685.14",-0.0014
2-Apr-14,"1,687.46",0.0022
1-Apr-14,"1,683.70",0.0059
31-Mar-14,"1,673.87",0.0072
28-Mar-14,"1,661.84",0.0053
27-Mar-14,"1,653.12",-0.0007
26-Mar-14,"1,654.34",-0.0008
25-Mar-14,"1,655.69",0.0059
24-Mar-14,"1,645.97",-0.0045
21-Mar-14,"1,653.38",-0.0006
20-Mar-14,"1,654.32",-0.0022
19-Mar-14,"1,658.05",-0.0045
18-Mar-14,"1,665.49",0.007
17-Mar-14,"1,653.94",0.0078
14-Mar-14,"1,641.13",-0.0064
13-Mar-14,"1,651.68",-0.0083
12-Mar-14,"1,665.55",-0.004
11-Mar-14,"1,672.19",-0.0026
10-Mar-14,"1,676.53",-0.0028
7-Mar-14,"1,681.17",-0.0029
6-Mar-14,"1,686.11",0.0042
5-Mar-14,"1,679.06",0.0007
4-Mar-14,"1,677.85",0.0135
3-Mar-14,"1,655.42",-0.0119
28-Feb-14,"1,675.40",0.0042
27-Feb-14,"1,668.40",0.0021
26-Feb-14,"1,664.85",-0.0027
25-Feb-14,"1,669.41",0.0007
24-Feb-14,"1,668.31",0.0051
21-Feb-14,"1,659.85",0.0023
20-Feb-14,"1,656.01",0.0006
19-Feb-14,"1,655.04",-0.0033
18-Feb-14,"1,660.54",0.0042
17-Feb-14,"1,653.55",0.0021
14-Feb-14,"1,650.12",0.0042
13-Feb-14,"1,643.19",0.0033
12-Feb-14,"1,637.71",0.002
11-Feb-14,"1,634.47",0.0109
10-Feb-14,"1,616.78",0.0031
7-Feb-14,"1,611.78",0.012
6-Feb-14,"1,592.69",0.0129
5-Feb-14,"1,572.37",0.0016
4-Feb-14,"1,569.93",-0.0013
3-Feb-14,"1,571.92",-0.0166
31-Jan-14,"1,598.46",-0.0056
30-Jan-14,"1,607.46",0.0024
29-Jan-14,"1,603.67",-0.0048
28-Jan-14,"1,611.35",0.004
27-Jan-14,"1,604.92",-0.0083
24-Jan-14,"1,618.36",-0.0194
23-Jan-14,"1,650.45",-0.0068
22-Jan-14,"1,661.74",0.0014
21-Jan-14,"1,659.49",0.0014
20-Jan-14,"1,657.11",-0.0001
17-Jan-14,"1,657.32",-0.0012
16-Jan-14,"1,659.34",-0.0004
15-Jan-14,"1,660.00",0.005
14-Jan-14,"1,651.73",0.0038
13-Jan-14,"1,645.41",-0.0059
10-Jan-14,"1,655.11",0.0053
9-Jan-14,"1,646.37",-0.0023
8-Jan-14,"1,650.17",0.0015
7-Jan-14,"1,647.65",0.004
6-Jan-14,"1,641.16",-0.003
3-Jan-14,"1,646.05",0.0005
2-Jan-14,"1,645.22",-0.0096
1-Jan-14,"1,661.09",0
31-Dec-13,"1,661.07",0.003
30-Dec-13,"1,656.15",0.0012
27-Dec-13,"1,654.16",0.0048
26-Dec-13,"1,646.28",0.004
25-Dec-13,"1,639.73",0
24-Dec-13,"1,639.65",0.0014
23-Dec-13,"1,637.28",0.0065
20-Dec-13,"1,626.66",0.0051
19-Dec-13,"1,618.38",0.0029
18-Dec-13,"1,613.75",0.0132
17-Dec-13,"1,592.79",-0.0034
16-Dec-13,"1,598.21",0.0066
13-Dec-13,"1,587.69",-0.0006
12-Dec-13,"1,588.71",-0.0071
11-Dec-13,"1,600.12",-0.0087
10-Dec-13,"1,614.23",-0.0021
9-Dec-13,"1,617.60",0.0031
6-Dec-13,"1,612.61",0.0086
5-Dec-13,"1,598.88",-0.0037
4-Dec-13,"1,604.74",-0.0053
3-Dec-13,"1,613.31",-0.005
2-Dec-13,"1,621.34",-0.0043
29-Nov-13,"1,628.42",-0.0003
28-Nov-13,"1,628.88",0.0025
27-Nov-13,"1,624.82",0.0018
26-Nov-13,"1,621.91",-0.0011
25-Nov-13,"1,623.70",0.0003
22-Nov-13,"1,623.15",0.0042
21-Nov-13,"1,616.34",0.0031
20-Nov-13,"1,611.34",-0.0032
19-Nov-13,"1,616.44",-0.0039
18-Nov-13,"1,622.82",0.0008
15-Nov-13,"1,621.50",0.0054
14-Nov-13,"1,612.86",0.0071
13-Nov-13,"1,601.56",0.0019
12-Nov-13,"1,598.55",-0.0014
11-Nov-13,"1,600.84",0.0029
8-Nov-13,"1,596.28",0.0049
7-Nov-13,"1,588.47",-0.012
6-Nov-13,"1,607.72",0.0052
5-Nov-13,"1,599.43",-0.0027
4-Nov-13,"1,603.81",0.0037
1-Nov-13,"1,597.86",-0.0031
31-Oct-13,"1,602.86",-0.0056
30-Oct-13,"1,611.86",-0.0015
29-Oct-13,"1,614.33",0.0026
28-Oct-13,"1,610.22",0.0014
25-Oct-13,"1,607.96",0
24-Oct-13,"1,607.92",0.0039
23-Oct-13,"1,601.64",-0.0057
22-Oct-13,"1,610.79",0.0069
21-Oct-13,"1,599.73",0.001
18-Oct-13,"1,598.14",0.0072
17-Oct-13,"1,586.64",0.0104
16-Oct-13,"1,570.34",0.0078
15-Oct-13,"1,558.19",-0.0029
14-Oct-13,"1,562.77",0.0035
11-Oct-13,"1,557.35",0.0074
10-Oct-13,"1,545.94",0.0172
9-Oct-13,"1,519.78",-0.0022
8-Oct-13,"1,523.13",-0.0086
7-Oct-13,"1,536.40",-0.0072
4-Oct-13,"1,547.50",0.0031
3-Oct-13,"1,542.79",-0.0053
2-Oct-13,"1,551.02",-0.0016
1-Oct-13,"1,553.51",0.0064
30-Sep-13,"1,543.67",-0.0073
27-Sep-13,"1,554.99",-0.0011
26-Sep-13,"1,556.74",0.0019
25-Sep-13,"1,553.75",-0.0012
24-Sep-13,"1,555.57",-0.0015
23-Sep-13,"1,557.87",-0.0034
20-Sep-13,"1,563.26",-0.0063
19-Sep-13,"1,573.13",0.0074
18-Sep-13,"1,561.53",0.0092
17-Sep-13,"1,547.24",0.0005
16-Sep-13,"1,546.52",0.0083
13-Sep-13,"1,533.72",0.0005
12-Sep-13,"1,532.93",-0.0018
11-Sep-13,"1,535.73",0.0043
10-Sep-13,"1,529.14",0.0087
9-Sep-13,"1,515.91",0.009
6-Sep-13,"1,502.40",0.0032
5-Sep-13,"1,497.58",0.0009
4-Sep-13,"1,496.29",0.0069
3-Sep-13,"1,486.06",0.0033
2-Sep-13,"1,481.18",0.0057
30-Aug-13,"1,472.74",-0.0057
29-Aug-13,"1,481.11",0.0007
28-Aug-13,"1,480.03",-0.0029
27-Aug-13,"1,484.40",-0.0133
26-Aug-13,"1,504.41",-0.0027
23-Aug-13,"1,508.49",0.0071
22-Aug-13,"1,497.80",0.0055
21-Aug-13,"1,489.65",-0.0073
20-Aug-13,"1,500.59",-0.0005
19-Aug-13,"1,501.39",-0.0049
16-Aug-13,"1,508.80",0.0004
15-Aug-13,"1,508.14",-0.0124
14-Aug-13,"1,527.04",-0.0001
13-Aug-13,"1,527.19",0.0021
12-Aug-13,"1,524.06",-0.0019
9-Aug-13,"1,526.90",-0.0006
8-Aug-13,"1,527.82",0.0056
7-Aug-13,"1,519.33",-0.0057
6-Aug-13,"1,528.06",-0.0016
5-Aug-13,"1,530.46",-0.0022
2-Aug-13,"1,533.85",0.0059
1-Aug-13,"1,524.91",0.0113
31-Jul-13,"1,507.91",-0.0016
30-Jul-13,"1,510.32",0.001
29-Jul-13,"1,508.86",-0.0048
26-Jul-13,"1,516.21",-0.001
25-Jul-13,"1,517.72",-0.0004
24-Jul-13,"1,518.38",-0.0009
23-Jul-13,"1,519.77",-0.0006
22-Jul-13,"1,520.62",0.0047
19-Jul-13,"1,513.52",0.0016
18-Jul-13,"1,511.13",0.0052
17-Jul-13,"1,503.38",0.0019
16-Jul-13,"1,500.53",-0.0003
15-Jul-13,"1,500.94",0.0018
12-Jul-13,"1,498.31",0.0011
11-Jul-13,"1,496.67",0.0159
10-Jul-13,"1,473.31",0.0033
9-Jul-13,"1,468.47",0.0075
8-Jul-13,"1,457.52",0.0058
5-Jul-13,"1,449.05",0.0006
4-Jul-13,"1,448.22",0.0053
3-Jul-13,"1,440.59",-0.003
2-Jul-13,"1,444.86",0.0004
1-Jul-13,"1,444.33",0.0075
28-Jun-13,"1,433.55",-0.0017
27-Jun-13,"1,436.03",0.0074
26-Jun-13,"1,425.51",0.0092
25-Jun-13,"1,412.53",0.0082
24-Jun-13,"1,400.98",-0.0142
21-Jun-13,"1,421.19",-0.0019
20-Jun-13,"1,423.87",-0.0346
19-Jun-13,"1,474.88",-0.0055
18-Jun-13,"1,483.04",0.0041
17-Jun-13,"1,476.97",0.009
14-Jun-13,"1,463.83",-0.0003
13-Jun-13,"1,464.26",0.0046
12-Jun-13,"1,457.57",-0.004
11-Jun-13,"1,463.42",-0.0066
10-Jun-13,"1,473.13",0.002
7-Jun-13,"1,470.22",0.0105
6-Jun-13,"1,454.91",0.0027
5-Jun-13,"1,450.95",-0.0153
4-Jun-13,"1,473.48",0.0005
3-Jun-13,"1,472.74",0.0006
31-May-13,"1,471.93",-0.0133
30-May-13,"1,491.79",0.0016
29-May-13,"1,489.44",-0.0051
28-May-13,"1,497.13",0.0051
27-May-13,"1,489.58",-0.0021
24-May-13,"1,492.74",-0.0005
23-May-13,"1,493.44",-0.0129
22-May-13,"1,512.90",-0.0051
21-May-13,"1,520.64",0.0015
20-May-13,"1,518.41",0.0036
17-May-13,"1,512.98",0.0033
16-May-13,"1,508.02",-0.0019
15-May-13,"1,510.87",0.0033
14-May-13,"1,505.97",0.0057
13-May-13,"1,497.40",0.001
10-May-13,"1,495.84",0.0001
9-May-13,"1,495.74",-0.0053
8-May-13,"1,503.66",0.0078
7-May-13,"1,492.06",0.0069
6-May-13,"1,481.85",-0.0004
3-May-13,"1,482.46",0.0087
2-May-13,"1,469.72",0.0022
1-May-13,"1,466.53",-0.0065
30-Apr-13,"1,476.14",0.0052
29-Apr-13,"1,468.44",0.0073
26-Apr-13,"1,457.80",-0.001
25-Apr-13,"1,459.26",0.0058
24-Apr-13,"1,450.79",0.0048
23-Apr-13,"1,443.86",0.0118
22-Apr-13,"1,427.08",0.0034
19-Apr-13,"1,422.25",0.006
18-Apr-13,"1,413.72",-0.0049
17-Apr-13,"1,420.70",-0.0126
16-Apr-13,"1,438.81",0.0054
15-Apr-13,"1,431.09",-0.0175
12-Apr-13,"1,456.54",-0.0043
11-Apr-13,"1,462.82",0.0072
10-Apr-13,"1,452.41",0.0135
9-Apr-13,"1,433.01",0.0046
8-Apr-13,"1,426.45",0.0052
5-Apr-13,"1,419.11",-0.0022
4-Apr-13,"1,422.22",-0.0024
3-Apr-13,"1,425.59",-0.0068
2-Apr-13,"1,435.41",0.0052
1-Apr-13,"1,428.04",-0.0045
29-Mar-13,"1,434.51",-0.0001
28-Mar-13,"1,434.62",0.004
27-Mar-13,"1,428.95",-0.0026
26-Mar-13,"1,432.64",0.0042
25-Mar-13,"1,426.71",-0.0039
22-Mar-13,"1,432.33",0.004
21-Mar-13,"1,426.66",-0.0054
20-Mar-13,"1,434.35",0.0053
19-Mar-13,"1,426.75",-0.0029
18-Mar-13,"1,430.97",-0.0094
15-Mar-13,"1,444.48",0.003
14-Mar-13,"1,440.21",0.0073
13-Mar-13,"1,429.84",-0.0024
12-Mar-13,"1,433.28",-0.0011
11-Mar-13,"1,434.83",0.0043
8-Mar-13,"1,428.72",0.0027
7-Mar-13,"1,424.88",0.0018
6-Mar-13,"1,422.26",0.0014
5-Mar-13,"1,420.25",0.0109
4-Mar-13,"1,404.94",0.0023
1-Mar-13,"1,401.75",-0.0024
28-Feb-13,"1,405.18",0.0041
27-Feb-13,"1,399.43",0.0096
26-Feb-13,"1,386.06",-0.0037
25-Feb-13,"1,391.22",-0.0077
22-Feb-13,"1,402.05",0.0071
21-Feb-13,"1,392.11",-0.0127
20-Feb-13,"1,410.01",-0.0069
19-Feb-13,"1,419.81",0.0081
18-Feb-13,"1,408.46",0.0011
15-Feb-13,"1,406.92",-0.0033
14-Feb-13,"1,411.59",-0.0016
13-Feb-13,"1,413.81",0
12-Feb-13,"1,413.83",0.0058
11-Feb-13,"1,405.70",-0.0034
8-Feb-13,"1,410.44",0.0061
7-Feb-13,"1,401.92",-0.0046
6-Feb-13,"1,408.35",0.0023
5-Feb-13,"1,405.15",0.0039
4-Feb-13,"1,399.68",-0.0121
1-Feb-13,"1,416.79",0.0081
31-Jan-13,"1,405.47",-0.0028
30-Jan-13,"1,409.47",-0.0009
29-Jan-13,"1,410.68",0.0054
28-Jan-13,"1,403.04",-0.0017
25-Jan-13,"1,405.47",0.0067
24-Jan-13,"1,396.14",0.0022
23-Jan-13,"1,393.04",-0.0004
22-Jan-13,"1,393.62",0.0029
21-Jan-13,"1,389.58",0.0011
18-Jan-13,"1,388.11",0.0014
17-Jan-13,"1,386.16",0.0053
16-Jan-13,"1,378.92",-0.0028
15-Jan-13,"1,382.74",0.0018
14-Jan-13,"1,380.21",-0.0013
11-Jan-13,"1,381.94",0.0025
10-Jan-13,"1,378.48",0.0083
9-Jan-13,"1,367.15",0.0031
8-Jan-13,"1,362.89",-0.0029
7-Jan-13,"1,366.91",-0.0023
4-Jan-13,"1,370.11",0.0042
3-Jan-13,"1,364.39",-0.0022
2-Jan-13,"1,367.38",0.0215
1-Jan-13,"1,338.55",0
31-Dec-12,"1,338.50",0.0088
28-Dec-12,"1,326.84",-0.0071
27-Dec-12,"1,336.30",0.0002
26-Dec-12,"1,335.98",-0.0023
25-Dec-12,"1,339.04",0.0005
24-Dec-12,"1,338.34",-0.002
21-Dec-12,"1,341.06",-0.008
20-Dec-12,"1,351.85",0.0022
19-Dec-12,"1,348.90",0.0007
18-Dec-12,"1,347.92",0.0095
17-Dec-12,"1,335.20",0.0073
14-Dec-12,"1,325.49",-0.0016
13-Dec-12,"1,327.62",-0.0035
12-Dec-12,"1,332.27",0.0018
11-Dec-12,"1,329.94",0.006
10-Dec-12,"1,321.96",0.0009
7-Dec-12,"1,320.74",0.0012
6-Dec-12,"1,319.13",0.0028
5-Dec-12,"1,315.40",0.0011
4-Dec-12,"1,314.02",0.0002
3-Dec-12,"1,313.82",-0.0013
30-Nov-12,"1,315.49",0.0006
29-Nov-12,"1,314.67",0.0083
28-Nov-12,"1,303.85",0.0035
27-Nov-12,"1,299.36",-0.0025
26-Nov-12,"1,302.63",-0.0017
23-Nov-12,"1,304.85",0.0111
22-Nov-12,"1,290.50",0.0048
21-Nov-12,"1,284.32",0.0024
20-Nov-12,"1,281.29",0.0003
19-Nov-12,"1,280.86",0.022
16-Nov-12,"1,253.31",-0.0004
15-Nov-12,"1,253.86",-0.0026
14-Nov-12,"1,257.12",-0.0116
13-Nov-12,"1,271.85",-0.0019
12-Nov-12,"1,274.27",-0.0014
9-Nov-12,"1,276.02",-0.0005
8-Nov-12,"1,276.72",-0.0096
7-Nov-12,"1,289.11",-0.017
6-Nov-12,"1,311.42",0.0062
5-Nov-12,"1,303.37",-0.0018
2-Nov-12,"1,305.77",-0.0057
1-Nov-12,"1,313.19",0.009
31-Oct-12,"1,301.52",-0.0005
30-Oct-12,"1,302.18",0.004
29-Oct-12,"1,296.96",-0.0025
26-Oct-12,"1,300.23",-0.0019
25-Oct-12,"1,302.77",0.0031
24-Oct-12,"1,298.76",-0.0009
23-Oct-12,"1,299.99",-0.0158
22-Oct-12,"1,320.86",-0.0011
19-Oct-12,"1,322.28",-0.0129
18-Oct-12,"1,339.55",-0.0001
17-Oct-12,"1,339.65",0.0077
16-Oct-12,"1,329.43",0.0127
15-Oct-12,"1,312.78",0.0052
12-Oct-12,"1,306.02",-0.0021
11-Oct-12,"1,308.83",0.0028
10-Oct-12,"1,305.14",-0.0063
9-Oct-12,"1,313.46",-0.0097
8-Oct-12,"1,326.37",-0.0062
5-Oct-12,"1,334.63",0.0042
4-Oct-12,"1,329.00",0.0077
3-Oct-12,"1,318.91",-0.0005
2-Oct-12,"1,319.52",0.0005
1-Oct-12,"1,318.81",0.0056
28-Sep-12,"1,311.50",-0.0066
27-Sep-12,"1,320.17",0.0082
26-Sep-12,"1,309.40",-0.0134
25-Sep-12,"1,327.25",-0.0034
24-Sep-12,"1,331.81",-0.0047
21-Sep-12,"1,338.05",0.0027
20-Sep-12,"1,334.48",-0.0052
19-Sep-12,"1,341.50",0.0032
18-Sep-12,"1,337.16",-0.0038
17-Sep-12,"1,342.31",-0.0039
14-Sep-12,"1,347.61",0.0136
13-Sep-12,"1,329.48",0.0097
12-Sep-12,"1,316.70",0.0038
11-Sep-12,"1,311.71",0.0041
10-Sep-12,"1,306.31",-0.0044
7-Sep-12,"1,312.08",0.0112
6-Sep-12,"1,297.60",0.0192
5-Sep-12,"1,273.21",-0.0011
4-Sep-12,"1,274.65",-0.0048
3-Sep-12,"1,280.76",0.0012
31-Aug-12,"1,279.21",0.0057
30-Aug-12,"1,272.02",-0.0087
29-Aug-12,"1,283.23",-0.0008
28-Aug-12,"1,284.25",-0.0018
27-Aug-12,"1,286.55",0.0006
24-Aug-12,"1,285.84",0.0004
23-Aug-12,"1,285.28",-0.002
22-Aug-12,"1,287.84",-0.0043
21-Aug-12,"1,293.43",0.0029
20-Aug-12,"1,289.75",-0.0004
17-Aug-12,"1,290.23",0.002
16-Aug-12,"1,287.62",0.0085
15-Aug-12,"1,276.82",-0.0005
14-Aug-12,"1,277.51",0.001
13-Aug-12,"1,276.26",-0.0016
10-Aug-12,"1,278.36",0.0004
9-Aug-12,"1,277.79",0.0013
8-Aug-12,"1,276.09",-0.0002
7-Aug-12,"1,276.40",0.0067
6-Aug-12,"1,267.85",0.0065
3-Aug-12,"1,259.65",0.02
2-Aug-12,"1,234.97",-0.0105
1-Aug-12,"1,248.10",-0.002
31-Jul-12,"1,250.57",-0.0027
30-Jul-12,"1,253.90",0.0031
27-Jul-12,"1,250.02",0.0181
26-Jul-12,"1,227.82",0.0217
25-Jul-12,"1,201.74",-0.0009
24-Jul-12,"1,202.88",-0.0076
23-Jul-12,"1,212.05",-0.0157
20-Jul-12,"1,231.35",-0.0132
19-Jul-12,"1,247.82",0.0071
18-Jul-12,"1,239.07",0.0081
17-Jul-12,"1,229.12",0.0031
16-Jul-12,"1,225.35",-0.0002
13-Jul-12,"1,225.55",0.015
12-Jul-12,"1,207.47",-0.0093
11-Jul-12,"1,218.81",0
10-Jul-12,"1,218.81",-0.0044
9-Jul-12,"1,224.14",-0.0043